timestamp,power.draw,clocks.sm,clocks.mem,utilization.gpu,utilization.memory
2026/01/04 03:58:33.246,69.09,345,2619,0,0
2026/01/04 03:58:33.246,75.72,345,2619,0,0
2026/01/04 03:58:33.246,71.53,345,2619,0,0
2026/01/04 03:58:33.246,69.34,345,2619,0,0
2026/01/04 03:58:33.246,80.73,345,2619,0,0
2026/01/04 03:58:33.246,71.71,345,2619,0,0
2026/01/04 03:58:33.247,72.82,345,2619,0,0
2026/01/04 03:58:33.247,74.04,345,2619,0,0
2026/01/04 03:58:33.297,69.09,345,2619,0,0
2026/01/04 03:58:33.297,75.72,345,2619,0,0
2026/01/04 03:58:33.297,71.53,345,2619,0,0
2026/01/04 03:58:33.297,69.34,345,2619,0,0
2026/01/04 03:58:33.297,80.73,345,2619,0,0
2026/01/04 03:58:33.297,71.71,345,2619,0,0
2026/01/04 03:58:33.297,72.82,345,2619,0,0
2026/01/04 03:58:33.297,74.04,345,2619,0,0
2026/01/04 03:58:33.347,69.09,345,2619,0,0
2026/01/04 03:58:33.347,75.72,345,2619,0,0
2026/01/04 03:58:33.347,71.51,345,2619,0,0
2026/01/04 03:58:33.347,69.34,345,2619,0,0
2026/01/04 03:58:33.347,80.72,345,2619,0,0
2026/01/04 03:58:33.347,71.71,345,2619,0,0
2026/01/04 03:58:33.347,72.81,345,2619,0,0
2026/01/04 03:58:33.347,73.99,345,2619,0,0
2026/01/04 03:58:33.397,69.09,345,2619,0,0
2026/01/04 03:58:33.397,75.72,345,2619,0,0
2026/01/04 03:58:33.397,71.51,345,2619,0,0
2026/01/04 03:58:33.397,69.32,345,2619,0,0
2026/01/04 03:58:33.397,80.72,345,2619,0,0
2026/01/04 03:58:33.397,71.73,345,2619,0,0
2026/01/04 03:58:33.397,72.81,345,2619,0,0
2026/01/04 03:58:33.397,73.99,345,2619,0,0
2026/01/04 03:58:33.447,69.10,345,2619,0,0
2026/01/04 03:58:33.447,75.72,345,2619,0,0
2026/01/04 03:58:33.447,71.49,345,2619,0,0
2026/01/04 03:58:33.447,69.32,345,2619,0,0
2026/01/04 03:58:33.447,80.72,345,2619,0,0
2026/01/04 03:58:33.447,71.73,345,2619,0,0
2026/01/04 03:58:33.447,72.81,345,2619,0,0
2026/01/04 03:58:33.447,74.01,345,2619,0,0
2026/01/04 03:58:33.497,69.10,345,2619,0,0
2026/01/04 03:58:33.497,75.72,345,2619,0,0
2026/01/04 03:58:33.497,71.49,345,2619,0,0
2026/01/04 03:58:33.497,69.35,345,2619,0,0
2026/01/04 03:58:33.497,80.72,345,2619,0,0
2026/01/04 03:58:33.497,71.72,345,2619,0,0
2026/01/04 03:58:33.497,72.81,345,2619,0,0
2026/01/04 03:58:33.497,74.01,345,2619,0,0
2026/01/04 03:58:33.548,69.11,345,2619,0,0
2026/01/04 03:58:33.548,75.72,345,2619,0,0
2026/01/04 03:58:33.548,71.47,345,2619,0,0
2026/01/04 03:58:33.548,69.35,345,2619,0,0
2026/01/04 03:58:33.548,80.71,345,2619,0,0
2026/01/04 03:58:33.548,71.72,345,2619,0,0
2026/01/04 03:58:33.548,72.82,345,2619,0,0
2026/01/04 03:58:33.548,74.04,345,2619,0,0
2026/01/04 03:58:33.598,69.11,345,2619,0,0
2026/01/04 03:58:33.598,75.73,345,2619,0,0
2026/01/04 03:58:33.598,71.47,345,2619,0,0
2026/01/04 03:58:33.598,69.35,345,2619,0,0
2026/01/04 03:58:33.598,80.71,345,2619,0,0
2026/01/04 03:58:33.598,71.73,345,2619,0,0
2026/01/04 03:58:33.598,72.82,345,2619,0,0
2026/01/04 03:58:33.598,74.04,345,2619,0,0
2026/01/04 03:58:33.648,69.10,345,2619,0,0
2026/01/04 03:58:33.648,75.72,345,2619,0,0
2026/01/04 03:58:33.648,71.45,345,2619,0,0
2026/01/04 03:58:33.648,69.35,345,2619,0,0
2026/01/04 03:58:33.648,80.72,345,2619,0,0
2026/01/04 03:58:33.648,71.73,345,2619,0,0
2026/01/04 03:58:33.648,72.85,345,2619,0,0
2026/01/04 03:58:33.648,74.00,345,2619,0,0
2026/01/04 03:58:33.698,69.10,345,2619,0,0
2026/01/04 03:58:33.698,75.72,345,2619,0,0
2026/01/04 03:58:33.698,71.45,345,2619,0,0
2026/01/04 03:58:33.698,69.34,345,2619,0,0
2026/01/04 03:58:33.698,80.72,345,2619,0,0
2026/01/04 03:58:33.698,71.76,345,2619,0,0
2026/01/04 03:58:33.698,72.85,345,2619,0,0
2026/01/04 03:58:33.698,74.00,345,2619,0,0
2026/01/04 03:58:33.748,69.12,345,2619,0,0
2026/01/04 03:58:33.748,75.72,345,2619,0,0
2026/01/04 03:58:33.748,71.42,345,2619,0,0
2026/01/04 03:58:33.748,69.34,345,2619,0,0
2026/01/04 03:58:33.748,80.72,345,2619,0,0
2026/01/04 03:58:33.748,71.76,345,2619,0,0
2026/01/04 03:58:33.748,72.84,345,2619,0,0
2026/01/04 03:58:33.748,74.02,345,2619,0,0
2026/01/04 03:58:33.798,69.12,345,2619,0,0
2026/01/04 03:58:33.799,75.72,345,2619,0,0
2026/01/04 03:58:33.799,71.42,345,2619,0,0
2026/01/04 03:58:33.799,69.31,345,2619,0,0
2026/01/04 03:58:33.799,80.72,345,2619,0,0
2026/01/04 03:58:33.799,71.75,345,2619,0,0
2026/01/04 03:58:33.799,72.84,345,2619,0,0
2026/01/04 03:58:33.799,74.02,345,2619,0,0
2026/01/04 03:58:33.849,69.11,345,2619,0,0
2026/01/04 03:58:33.849,75.73,345,2619,0,0
2026/01/04 03:58:33.849,71.41,345,2619,0,0
2026/01/04 03:58:33.849,69.31,345,2619,0,0
2026/01/04 03:58:33.849,80.71,345,2619,0,0
2026/01/04 03:58:33.849,71.75,345,2619,0,0
2026/01/04 03:58:33.849,72.84,345,2619,0,0
2026/01/04 03:58:33.849,74.04,345,2619,0,0
2026/01/04 03:58:33.899,69.11,345,2619,0,0
2026/01/04 03:58:33.899,75.73,345,2619,0,0
2026/01/04 03:58:33.899,71.41,345,2619,0,0
2026/01/04 03:58:33.899,69.30,345,2619,0,0
2026/01/04 03:58:33.899,80.71,345,2619,0,0
2026/01/04 03:58:33.899,71.75,345,2619,0,0
2026/01/04 03:58:33.899,72.84,345,2619,0,0
2026/01/04 03:58:33.899,74.04,345,2619,0,0
2026/01/04 03:58:33.949,69.11,345,2619,0,0
2026/01/04 03:58:33.949,75.73,345,2619,0,0
2026/01/04 03:58:33.949,71.40,345,2619,0,0
2026/01/04 03:58:33.949,69.30,345,2619,0,0
2026/01/04 03:58:33.949,80.71,345,2619,0,0
2026/01/04 03:58:33.949,71.75,345,2619,0,0
2026/01/04 03:58:33.949,72.84,345,2619,0,0
2026/01/04 03:58:33.949,73.99,345,2619,0,0
2026/01/04 03:58:33.999,69.11,345,2619,0,0
2026/01/04 03:58:33.999,75.70,345,2619,0,0
2026/01/04 03:58:33.999,71.40,345,2619,0,0
2026/01/04 03:58:33.999,69.31,345,2619,0,0
2026/01/04 03:58:33.999,80.71,345,2619,0,0
2026/01/04 03:58:33.999,71.78,345,2619,0,0
2026/01/04 03:58:33.999,72.85,345,2619,0,0
2026/01/04 03:58:33.999,73.99,345,2619,0,0
2026/01/04 03:58:34.049,69.12,345,2619,0,0
2026/01/04 03:58:34.049,75.70,345,2619,0,0
2026/01/04 03:58:34.049,71.41,345,2619,0,0
2026/01/04 03:58:34.049,69.31,345,2619,0,0
2026/01/04 03:58:34.049,80.70,345,2619,0,0
2026/01/04 03:58:34.049,71.78,345,2619,0,0
2026/01/04 03:58:34.049,72.85,345,2619,0,0
2026/01/04 03:58:34.049,74.00,345,2619,0,0
2026/01/04 03:58:34.100,69.12,345,2619,0,0
2026/01/04 03:58:34.100,75.69,345,2619,0,0
2026/01/04 03:58:34.100,71.41,345,2619,0,0
2026/01/04 03:58:34.100,69.32,345,2619,0,0
2026/01/04 03:58:34.100,80.70,345,2619,0,0
2026/01/04 03:58:34.100,71.75,345,2619,0,0
2026/01/04 03:58:34.100,72.86,345,2619,0,0
2026/01/04 03:58:34.100,74.00,345,2619,0,0
2026/01/04 03:58:34.150,69.12,345,2619,0,0
2026/01/04 03:58:34.150,75.69,345,2619,0,0
2026/01/04 03:58:34.150,71.43,345,2619,0,0
2026/01/04 03:58:34.150,69.32,345,2619,0,0
2026/01/04 03:58:34.150,80.70,345,2619,0,0
2026/01/04 03:58:34.150,71.75,345,2619,0,0
2026/01/04 03:58:34.150,72.86,345,2619,0,0
2026/01/04 03:58:34.150,74.01,345,2619,0,0
2026/01/04 03:58:34.200,69.12,345,2619,0,0
2026/01/04 03:58:34.200,75.66,345,2619,0,0
2026/01/04 03:58:34.200,71.43,345,2619,0,0
2026/01/04 03:58:34.200,69.32,345,2619,0,0
2026/01/04 03:58:34.200,80.70,345,2619,0,0
2026/01/04 03:58:34.200,71.75,345,2619,0,0
2026/01/04 03:58:34.200,72.85,345,2619,0,0
2026/01/04 03:58:34.200,74.01,345,2619,0,0
2026/01/04 03:58:34.250,69.12,345,2619,0,0
2026/01/04 03:58:34.250,75.66,345,2619,0,0
2026/01/04 03:58:34.250,71.43,345,2619,0,0
2026/01/04 03:58:34.250,69.32,345,2619,0,0
2026/01/04 03:58:34.250,80.71,345,2619,0,0
2026/01/04 03:58:34.250,71.75,345,2619,0,0
2026/01/04 03:58:34.250,72.85,345,2619,0,0
2026/01/04 03:58:34.250,73.97,345,2619,0,0
2026/01/04 03:58:34.300,69.12,345,2619,0,0
2026/01/04 03:58:34.300,75.66,345,2619,0,0
2026/01/04 03:58:34.300,71.44,345,2619,0,0
2026/01/04 03:58:34.300,69.32,345,2619,0,0
2026/01/04 03:58:34.300,80.71,345,2619,0,0
2026/01/04 03:58:34.300,71.75,345,2619,0,0
2026/01/04 03:58:34.300,72.85,345,2619,0,0
2026/01/04 03:58:34.300,73.97,345,2619,0,0
2026/01/04 03:58:34.350,69.12,345,2619,0,0
2026/01/04 03:58:34.350,75.66,345,2619,0,0
2026/01/04 03:58:34.350,71.45,345,2619,0,0
2026/01/04 03:58:34.350,69.32,345,2619,0,0
2026/01/04 03:58:34.350,80.70,345,2619,0,0
2026/01/04 03:58:34.350,71.77,345,2619,0,0
2026/01/04 03:58:34.350,72.85,345,2619,0,0
2026/01/04 03:58:34.351,73.99,345,2619,0,0
2026/01/04 03:58:34.401,69.11,345,2619,0,0
2026/01/04 03:58:34.401,75.65,345,2619,0,0
2026/01/04 03:58:34.401,71.45,345,2619,0,0
2026/01/04 03:58:34.401,69.34,345,2619,0,0
2026/01/04 03:58:34.401,80.70,345,2619,0,0
2026/01/04 03:58:34.401,71.76,345,2619,0,0
2026/01/04 03:58:34.401,72.84,345,2619,0,0
2026/01/04 03:58:34.401,73.99,345,2619,0,0
2026/01/04 03:58:34.451,69.11,345,2619,0,0
2026/01/04 03:58:34.451,75.65,345,2619,0,0
2026/01/04 03:58:34.451,71.45,345,2619,0,0
2026/01/04 03:58:34.451,69.34,345,2619,0,0
2026/01/04 03:58:34.451,80.70,345,2619,0,0
2026/01/04 03:58:34.451,71.76,345,2619,0,0
2026/01/04 03:58:34.451,72.84,345,2619,0,0
2026/01/04 03:58:34.451,74.00,345,2619,0,0
2026/01/04 03:58:34.501,69.11,345,2619,0,0
2026/01/04 03:58:34.501,75.67,345,2619,0,0
2026/01/04 03:58:34.501,71.48,345,2619,0,0
2026/01/04 03:58:34.501,69.35,345,2619,0,0
2026/01/04 03:58:34.501,80.72,345,2619,0,0
2026/01/04 03:58:34.501,71.75,345,2619,0,0
2026/01/04 03:58:34.501,72.84,345,2619,0,0
2026/01/04 03:58:34.501,74.00,345,2619,0,0
2026/01/04 03:58:34.551,69.11,345,2619,0,0
2026/01/04 03:58:34.551,75.67,345,2619,0,0
2026/01/04 03:58:34.551,71.48,345,2619,0,0
2026/01/04 03:58:34.551,69.35,345,2619,0,0
2026/01/04 03:58:34.551,80.72,345,2619,0,0
2026/01/04 03:58:34.551,71.75,345,2619,0,0
2026/01/04 03:58:34.551,72.84,345,2619,0,0
2026/01/04 03:58:34.551,73.98,345,2619,0,0
2026/01/04 03:58:34.601,69.11,345,2619,0,0
2026/01/04 03:58:34.601,75.66,345,2619,0,0
2026/01/04 03:58:34.601,71.49,345,2619,0,0
2026/01/04 03:58:34.601,69.35,345,2619,0,0
2026/01/04 03:58:34.601,80.73,345,2619,0,0
2026/01/04 03:58:34.601,71.75,345,2619,0,0
2026/01/04 03:58:34.601,72.83,345,2619,0,0
2026/01/04 03:58:34.601,73.98,345,2619,0,0
2026/01/04 03:58:34.651,69.11,345,2619,0,0
2026/01/04 03:58:34.651,75.66,345,2619,0,0
2026/01/04 03:58:34.651,71.49,345,2619,0,0
2026/01/04 03:58:34.651,69.37,345,2619,0,0
2026/01/04 03:58:34.651,80.73,345,2619,0,0
2026/01/04 03:58:34.651,71.74,345,2619,0,0
2026/01/04 03:58:34.652,72.83,345,2619,0,0
2026/01/04 03:58:34.652,74.01,345,2619,0,0
2026/01/04 03:58:34.702,69.12,345,2619,0,0
2026/01/04 03:58:34.702,75.65,345,2619,0,0
2026/01/04 03:58:34.702,71.51,345,2619,0,0
2026/01/04 03:58:34.702,69.38,345,2619,0,0
2026/01/04 03:58:34.702,80.72,345,2619,0,0
2026/01/04 03:58:34.702,71.74,345,2619,0,0
2026/01/04 03:58:34.702,72.83,345,2619,0,0
2026/01/04 03:58:34.702,74.01,345,2619,0,0
2026/01/04 03:58:34.752,69.12,345,2619,0,0
2026/01/04 03:58:34.752,75.65,345,2619,0,0
2026/01/04 03:58:34.752,71.51,345,2619,0,0
2026/01/04 03:58:34.752,69.38,345,2619,0,0
2026/01/04 03:58:34.752,80.72,345,2619,0,0
2026/01/04 03:58:34.752,71.73,345,2619,0,0
2026/01/04 03:58:34.752,72.83,345,2619,0,0
2026/01/04 03:58:34.752,74.01,345,2619,0,0
2026/01/04 03:58:34.802,69.10,345,2619,0,0
2026/01/04 03:58:34.802,75.66,345,2619,0,0
2026/01/04 03:58:34.802,71.55,345,2619,0,0
2026/01/04 03:58:34.802,69.38,345,2619,0,0
2026/01/04 03:58:34.802,80.72,345,2619,0,0
2026/01/04 03:58:34.802,71.73,345,2619,0,0
2026/01/04 03:58:34.802,72.81,345,2619,0,0
2026/01/04 03:58:34.802,74.01,345,2619,0,0
2026/01/04 03:58:34.852,69.10,345,2619,0,0
2026/01/04 03:58:34.852,75.66,345,2619,0,0
2026/01/04 03:58:34.852,71.55,345,2619,0,0
2026/01/04 03:58:34.852,69.37,345,2619,0,0
2026/01/04 03:58:34.852,80.72,345,2619,0,0
2026/01/04 03:58:34.852,71.73,345,2619,0,0
2026/01/04 03:58:34.852,72.81,345,2619,0,0
2026/01/04 03:58:34.852,74.00,345,2619,0,0
2026/01/04 03:58:34.902,69.10,345,2619,0,0
2026/01/04 03:58:34.902,75.66,345,2619,0,0
2026/01/04 03:58:34.902,71.56,345,2619,0,0
2026/01/04 03:58:34.902,69.37,345,2619,0,0
2026/01/04 03:58:34.902,80.74,345,2619,0,0
2026/01/04 03:58:34.902,71.73,345,2619,0,0
2026/01/04 03:58:34.902,72.81,345,2619,0,0
2026/01/04 03:58:34.902,74.00,345,2619,0,0
2026/01/04 03:58:34.952,69.10,345,2619,0,0
2026/01/04 03:58:34.952,75.66,345,2619,0,0
2026/01/04 03:58:34.952,71.56,345,2619,0,0
2026/01/04 03:58:34.953,69.36,345,2619,0,0
2026/01/04 03:58:34.953,80.74,345,2619,0,0
2026/01/04 03:58:34.953,71.74,345,2619,0,0
2026/01/04 03:58:34.953,72.81,345,2619,0,0
2026/01/04 03:58:34.953,74.00,345,2619,0,0
2026/01/04 03:58:35.003,69.07,345,2619,0,0
2026/01/04 03:58:35.003,75.66,345,2619,0,0
2026/01/04 03:58:35.003,71.54,345,2619,0,0
2026/01/04 03:58:35.003,69.36,345,2619,0,0
2026/01/04 03:58:35.003,80.74,345,2619,0,0
2026/01/04 03:58:35.003,71.74,345,2619,0,0
2026/01/04 03:58:35.003,72.81,345,2619,0,0
2026/01/04 03:58:35.003,74.02,345,2619,0,0
2026/01/04 03:58:35.053,69.07,345,2619,0,0
2026/01/04 03:58:35.053,75.66,345,2619,0,0
2026/01/04 03:58:35.053,71.54,345,2619,0,0
2026/01/04 03:58:35.053,69.37,345,2619,0,0
2026/01/04 03:58:35.053,80.74,345,2619,0,0
2026/01/04 03:58:35.053,71.73,345,2619,0,0
2026/01/04 03:58:35.053,72.82,345,2619,0,0
2026/01/04 03:58:35.053,74.02,345,2619,0,0
2026/01/04 03:58:35.103,69.07,345,2619,0,0
2026/01/04 03:58:35.103,75.65,345,2619,0,0
2026/01/04 03:58:35.103,71.52,345,2619,0,0
2026/01/04 03:58:35.103,69.37,345,2619,0,0
2026/01/04 03:58:35.103,80.75,345,2619,0,0
2026/01/04 03:58:35.103,71.73,345,2619,0,0
2026/01/04 03:58:35.103,72.82,345,2619,0,0
2026/01/04 03:58:35.103,74.02,345,2619,0,0
2026/01/04 03:58:35.153,69.07,345,2619,0,0
2026/01/04 03:58:35.153,75.65,345,2619,0,0
2026/01/04 03:58:35.153,71.52,345,2619,0,0
2026/01/04 03:58:35.153,69.36,345,2619,0,0
2026/01/04 03:58:35.153,80.75,345,2619,0,0
2026/01/04 03:58:35.153,71.73,345,2619,0,0
2026/01/04 03:58:35.153,72.83,345,2619,0,0
2026/01/04 03:58:35.153,74.02,345,2619,0,0
2026/01/04 03:58:35.203,69.10,345,2619,0,0
2026/01/04 03:58:35.203,75.66,345,2619,0,0
2026/01/04 03:58:35.203,71.52,345,2619,0,0
2026/01/04 03:58:35.203,69.36,345,2619,0,0
2026/01/04 03:58:35.203,80.77,345,2619,0,0
2026/01/04 03:58:35.203,71.73,345,2619,0,0
2026/01/04 03:58:35.203,72.83,345,2619,0,0
2026/01/04 03:58:35.203,74.01,345,2619,0,0
2026/01/04 03:58:35.253,69.10,345,2619,0,0
2026/01/04 03:58:35.254,75.66,345,2619,0,0
2026/01/04 03:58:35.254,71.52,345,2619,0,0
2026/01/04 03:58:35.254,69.36,345,2619,0,0
2026/01/04 03:58:35.254,80.77,345,2619,0,0
2026/01/04 03:58:35.254,71.75,345,2619,0,0
2026/01/04 03:58:35.254,72.84,345,2619,0,0
2026/01/04 03:58:35.254,74.01,345,2619,0,0
2026/01/04 03:58:35.304,69.10,345,2619,0,0
2026/01/04 03:58:35.304,75.66,345,2619,0,0
2026/01/04 03:58:35.304,71.50,345,2619,0,0
2026/01/04 03:58:35.304,69.36,345,2619,0,0
2026/01/04 03:58:35.304,80.78,345,2619,0,0
2026/01/04 03:58:35.304,71.75,345,2619,0,0
2026/01/04 03:58:35.304,72.84,345,2619,0,0
2026/01/04 03:58:35.304,74.03,345,2619,0,0
2026/01/04 03:58:35.354,69.10,345,2619,0,0
2026/01/04 03:58:35.354,75.65,345,2619,0,0
2026/01/04 03:58:35.354,71.50,345,2619,0,0
2026/01/04 03:58:35.354,69.35,345,2619,0,0
2026/01/04 03:58:35.354,80.78,345,2619,0,0
2026/01/04 03:58:35.354,71.74,345,2619,0,0
2026/01/04 03:58:35.354,72.84,345,2619,0,0
2026/01/04 03:58:35.354,74.03,345,2619,0,0
2026/01/04 03:58:35.404,69.11,345,2619,0,0
2026/01/04 03:58:35.404,75.64,345,2619,0,0
2026/01/04 03:58:35.404,71.49,345,2619,0,0
2026/01/04 03:58:35.404,69.35,345,2619,0,0
2026/01/04 03:58:35.404,80.76,345,2619,0,0
2026/01/04 03:58:35.404,71.74,345,2619,0,0
2026/01/04 03:58:35.404,72.84,345,2619,0,0
2026/01/04 03:58:35.404,74.04,345,2619,0,0
2026/01/04 03:58:35.454,69.11,345,2619,0,0
2026/01/04 03:58:35.454,75.64,345,2619,0,0
2026/01/04 03:58:35.454,71.49,345,2619,0,0
2026/01/04 03:58:35.454,69.33,345,2619,0,0
2026/01/04 03:58:35.454,80.76,345,2619,0,0
2026/01/04 03:58:35.454,71.74,345,2619,0,0
2026/01/04 03:58:35.454,72.84,345,2619,0,0
2026/01/04 03:58:35.454,74.04,345,2619,0,0
2026/01/04 03:58:35.504,69.10,345,2619,0,0
2026/01/04 03:58:35.504,75.63,345,2619,0,0
2026/01/04 03:58:35.504,71.48,345,2619,0,0
2026/01/04 03:58:35.504,69.33,345,2619,0,0
2026/01/04 03:58:35.504,80.76,345,2619,0,0
2026/01/04 03:58:35.505,71.74,345,2619,0,0
2026/01/04 03:58:35.505,72.84,345,2619,0,0
2026/01/04 03:58:35.505,74.02,345,2619,0,0
2026/01/04 03:58:35.555,69.10,345,2619,0,0
2026/01/04 03:58:35.555,75.63,345,2619,0,0
2026/01/04 03:58:35.555,71.48,345,2619,0,0
2026/01/04 03:58:35.555,69.34,345,2619,0,0
2026/01/04 03:58:35.555,80.76,345,2619,0,0
2026/01/04 03:58:35.555,71.76,345,2619,0,0
2026/01/04 03:58:35.555,72.84,345,2619,0,0
2026/01/04 03:58:35.555,74.02,345,2619,0,0
2026/01/04 03:58:35.605,69.10,345,2619,0,0
2026/01/04 03:58:35.605,75.63,345,2619,0,0
2026/01/04 03:58:35.605,71.45,345,2619,0,0
2026/01/04 03:58:35.605,69.34,345,2619,0,0
2026/01/04 03:58:35.605,80.77,345,2619,0,0
2026/01/04 03:58:35.605,71.76,345,2619,0,0
2026/01/04 03:58:35.605,72.84,345,2619,0,0
2026/01/04 03:58:35.605,74.03,345,2619,0,0
2026/01/04 03:58:35.655,69.10,345,2619,0,0
2026/01/04 03:58:35.655,75.65,345,2619,0,0
2026/01/04 03:58:35.655,71.45,345,2619,0,0
2026/01/04 03:58:35.655,69.32,345,2619,0,0
2026/01/04 03:58:35.655,80.77,345,2619,0,0
2026/01/04 03:58:35.655,71.77,345,2619,0,0
2026/01/04 03:58:35.655,72.85,345,2619,0,0
2026/01/04 03:58:35.655,74.03,345,2619,0,0
2026/01/04 03:58:35.705,69.10,345,2619,0,0
2026/01/04 03:58:35.705,75.65,345,2619,0,0
2026/01/04 03:58:35.705,71.45,345,2619,0,0
2026/01/04 03:58:35.705,69.32,345,2619,0,0
2026/01/04 03:58:35.705,80.76,345,2619,0,0
2026/01/04 03:58:35.705,71.77,345,2619,0,0
2026/01/04 03:58:35.705,72.85,345,2619,0,0
2026/01/04 03:58:35.705,74.05,345,2619,0,0
2026/01/04 03:58:35.755,69.11,345,2619,0,0
2026/01/04 03:58:35.755,75.66,345,2619,0,0
2026/01/04 03:58:35.755,71.45,345,2619,0,0
2026/01/04 03:58:35.755,69.32,345,2619,0,0
2026/01/04 03:58:35.755,80.76,345,2619,0,0
2026/01/04 03:58:35.755,71.77,345,2619,0,0
2026/01/04 03:58:35.755,72.86,345,2619,0,0
2026/01/04 03:58:35.755,74.05,345,2619,0,0
2026/01/04 03:58:35.805,69.11,345,2619,0,0
2026/01/04 03:58:35.805,75.66,345,2619,0,0
2026/01/04 03:58:35.805,71.43,345,2619,0,0
2026/01/04 03:58:35.805,69.32,345,2619,0,0
2026/01/04 03:58:35.805,80.76,345,2619,0,0
2026/01/04 03:58:35.805,71.77,345,2619,0,0
2026/01/04 03:58:35.806,72.86,345,2619,0,0
2026/01/04 03:58:35.806,74.04,345,2619,0,0
2026/01/04 03:58:35.856,69.11,345,2619,0,0
2026/01/04 03:58:35.856,75.66,345,2619,0,0
2026/01/04 03:58:35.856,71.43,345,2619,0,0
2026/01/04 03:58:35.856,69.29,345,2619,0,0
2026/01/04 03:58:35.856,80.76,345,2619,0,0
2026/01/04 03:58:35.856,71.78,345,2619,0,0
2026/01/04 03:58:35.856,72.86,345,2619,0,0
2026/01/04 03:58:35.856,74.04,345,2619,0,0
2026/01/04 03:58:35.906,69.11,345,2619,0,0
2026/01/04 03:58:35.906,75.68,345,2619,0,0
2026/01/04 03:58:35.906,71.41,345,2619,0,0
2026/01/04 03:58:35.906,69.29,345,2619,0,0
2026/01/04 03:58:35.906,80.76,345,2619,0,0
2026/01/04 03:58:35.906,71.78,345,2619,0,0
2026/01/04 03:58:35.906,72.86,345,2619,0,0
2026/01/04 03:58:35.906,74.05,345,2619,0,0
2026/01/04 03:58:35.956,69.12,345,2619,0,0
2026/01/04 03:58:35.956,75.68,345,2619,0,0
2026/01/04 03:58:35.956,71.41,345,2619,0,0
2026/01/04 03:58:35.956,69.30,345,2619,0,0
2026/01/04 03:58:35.956,80.76,345,2619,0,0
2026/01/04 03:58:35.956,71.78,345,2619,0,0
2026/01/04 03:58:35.956,72.86,345,2619,0,0
2026/01/04 03:58:35.956,74.05,345,2619,0,0
2026/01/04 03:58:36.006,69.12,345,2619,0,0
2026/01/04 03:58:36.006,75.67,345,2619,0,0
2026/01/04 03:58:36.006,71.41,345,2619,0,0
2026/01/04 03:58:36.006,69.30,345,2619,0,0
2026/01/04 03:58:36.006,80.76,345,2619,0,0
2026/01/04 03:58:36.006,71.79,345,2619,0,0
2026/01/04 03:58:36.006,72.86,345,2619,0,0
2026/01/04 03:58:36.006,74.07,345,2619,0,0
2026/01/04 03:58:36.056,69.12,345,2619,0,0
2026/01/04 03:58:36.056,75.67,345,2619,0,0
2026/01/04 03:58:36.056,71.41,345,2619,0,0
2026/01/04 03:58:36.056,69.30,345,2619,0,0
2026/01/04 03:58:36.056,80.75,345,2619,0,0
2026/01/04 03:58:36.056,71.79,345,2619,0,0
2026/01/04 03:58:36.056,72.86,345,2619,0,0
2026/01/04 03:58:36.056,74.07,345,2619,0,0
2026/01/04 03:58:36.106,69.12,345,2619,0,0
2026/01/04 03:58:36.106,75.69,345,2619,0,0
2026/01/04 03:58:36.106,71.41,345,2619,0,0
2026/01/04 03:58:36.106,69.28,345,2619,0,0
2026/01/04 03:58:36.106,80.75,345,2619,0,0
2026/01/04 03:58:36.106,71.79,345,2619,0,0
2026/01/04 03:58:36.106,72.85,345,2619,0,0
2026/01/04 03:58:36.107,74.07,345,2619,0,0
2026/01/04 03:58:36.157,69.13,345,2619,0,0
2026/01/04 03:58:36.157,75.69,345,2619,0,0
2026/01/04 03:58:36.157,71.42,345,2619,0,0
2026/01/04 03:58:36.157,69.28,345,2619,0,0
2026/01/04 03:58:36.157,80.76,345,2619,0,0
2026/01/04 03:58:36.157,71.79,345,2619,0,0
2026/01/04 03:58:36.157,72.85,345,2619,0,0
2026/01/04 03:58:36.157,74.06,345,2619,0,0
2026/01/04 03:58:36.207,69.13,345,2619,0,0
2026/01/04 03:58:36.207,75.70,345,2619,0,0
2026/01/04 03:58:36.207,71.42,345,2619,0,0
2026/01/04 03:58:36.207,69.28,345,2619,0,0
2026/01/04 03:58:36.207,80.76,345,2619,0,0
2026/01/04 03:58:36.207,71.78,345,2619,0,0
2026/01/04 03:58:36.207,72.83,345,2619,0,0
2026/01/04 03:58:36.207,74.06,345,2619,0,0
2026/01/04 03:58:36.257,69.11,345,2619,0,0
2026/01/04 03:58:36.257,75.70,345,2619,0,0
2026/01/04 03:58:36.257,71.43,345,2619,0,0
2026/01/04 03:58:36.257,69.28,345,2619,0,0
2026/01/04 03:58:36.257,80.78,345,2619,0,0
2026/01/04 03:58:36.257,71.78,345,2619,0,0
2026/01/04 03:58:36.257,72.83,345,2619,0,0
2026/01/04 03:58:36.257,74.06,345,2619,0,0
2026/01/04 03:58:36.307,69.11,345,2619,0,0
2026/01/04 03:58:36.307,75.69,345,2619,0,0
2026/01/04 03:58:36.307,71.43,345,2619,0,0
2026/01/04 03:58:36.307,69.27,345,2619,0,0
2026/01/04 03:58:36.307,80.78,345,2619,0,0
2026/01/04 03:58:36.307,71.78,345,2619,0,0
2026/01/04 03:58:36.307,72.87,345,2619,0,0
2026/01/04 03:58:36.307,74.06,345,2619,0,0
2026/01/04 03:58:36.357,69.15,345,2619,0,0
2026/01/04 03:58:36.357,75.69,345,2619,0,0
2026/01/04 03:58:36.357,71.43,345,2619,0,0
2026/01/04 03:58:36.357,69.27,345,2619,0,0
2026/01/04 03:58:36.357,80.77,345,2619,0,0
2026/01/04 03:58:36.357,71.78,345,2619,0,0
2026/01/04 03:58:36.357,72.87,345,2619,0,0
2026/01/04 03:58:36.357,74.09,345,2619,0,0
2026/01/04 03:58:36.407,69.15,345,2619,0,0
2026/01/04 03:58:36.407,75.69,345,2619,0,0
2026/01/04 03:58:36.407,71.43,345,2619,0,0
2026/01/04 03:58:36.407,69.27,345,2619,0,0
2026/01/04 03:58:36.407,80.77,345,2619,0,0
2026/01/04 03:58:36.407,71.79,345,2619,0,0
2026/01/04 03:58:36.407,72.87,345,2619,0,0
2026/01/04 03:58:36.407,74.09,345,2619,0,0
2026/01/04 03:58:36.458,69.15,345,2619,0,0
2026/01/04 03:58:36.458,75.69,345,2619,0,0
2026/01/04 03:58:36.458,71.43,345,2619,0,0
2026/01/04 03:58:36.458,69.27,345,2619,0,0
2026/01/04 03:58:36.458,80.78,345,2619,0,0
2026/01/04 03:58:36.458,71.79,345,2619,0,0
2026/01/04 03:58:36.458,72.87,345,2619,0,0
2026/01/04 03:58:36.458,74.09,345,2619,0,0
2026/01/04 03:58:36.508,69.15,345,2619,0,0
2026/01/04 03:58:36.508,75.68,345,2619,0,0
2026/01/04 03:58:36.508,71.43,345,2619,0,0
2026/01/04 03:58:36.508,69.25,345,2619,0,0
2026/01/04 03:58:36.508,80.78,345,2619,0,0
2026/01/04 03:58:36.508,71.78,345,2619,0,0
2026/01/04 03:58:36.508,72.87,345,2619,0,0
2026/01/04 03:58:36.508,74.09,345,2619,0,0
2026/01/04 03:58:36.558,69.14,345,2619,0,0
2026/01/04 03:58:36.558,75.68,345,2619,0,0
2026/01/04 03:58:36.558,71.45,345,2619,0,0
2026/01/04 03:58:36.558,69.25,345,2619,0,0
2026/01/04 03:58:36.558,80.79,345,2619,0,0
2026/01/04 03:58:36.558,71.78,345,2619,0,0
2026/01/04 03:58:36.558,72.87,345,2619,0,0
2026/01/04 03:58:36.558,74.10,345,2619,0,0
2026/01/04 03:58:36.608,69.14,345,2619,0,0
2026/01/04 03:58:36.608,75.69,345,2619,0,0
2026/01/04 03:58:36.608,71.45,345,2619,0,0
2026/01/04 03:58:36.608,69.26,345,2619,0,0
2026/01/04 03:58:36.608,80.79,345,2619,0,0
2026/01/04 03:58:36.608,71.76,345,2619,0,0
2026/01/04 03:58:36.608,72.88,345,2619,0,0
2026/01/04 03:58:36.608,74.10,345,2619,0,0
2026/01/04 03:58:36.658,69.14,345,2619,0,0
2026/01/04 03:58:36.658,75.69,345,2619,0,0
2026/01/04 03:58:36.658,71.45,345,2619,0,0
2026/01/04 03:58:36.658,69.26,345,2619,0,0
2026/01/04 03:58:36.658,80.79,345,2619,0,0
2026/01/04 03:58:36.658,71.76,345,2619,0,0
2026/01/04 03:58:36.658,72.88,345,2619,0,0
2026/01/04 03:58:36.658,74.09,345,2619,0,0
2026/01/04 03:58:36.708,69.14,345,2619,0,0
2026/01/04 03:58:36.709,75.70,345,2619,0,0
2026/01/04 03:58:36.709,71.46,345,2619,0,0
2026/01/04 03:58:36.709,69.27,345,2619,0,0
2026/01/04 03:58:36.709,80.79,345,2619,0,0
2026/01/04 03:58:36.709,71.74,345,2619,0,0
2026/01/04 03:58:36.709,72.88,345,2619,0,0
2026/01/04 03:58:36.709,74.09,345,2619,0,0
2026/01/04 03:58:36.759,69.14,345,2619,0,0
2026/01/04 03:58:36.759,75.70,345,2619,0,0
2026/01/04 03:58:36.759,71.49,345,2619,0,0
2026/01/04 03:58:36.759,69.27,345,2619,0,0
2026/01/04 03:58:36.759,80.79,345,2619,0,0
2026/01/04 03:58:36.759,71.74,345,2619,0,0
2026/01/04 03:58:36.759,72.88,345,2619,0,0
2026/01/04 03:58:36.759,74.09,345,2619,0,0
2026/01/04 03:58:36.809,69.14,345,2619,0,0
2026/01/04 03:58:36.809,75.68,345,2619,0,0
2026/01/04 03:58:36.809,71.49,345,2619,0,0
2026/01/04 03:58:36.809,69.26,345,2619,0,0
2026/01/04 03:58:36.809,80.79,345,2619,0,0
2026/01/04 03:58:36.809,71.75,345,2619,0,0
2026/01/04 03:58:36.809,72.88,345,2619,0,0
2026/01/04 03:58:36.809,74.09,345,2619,0,0
2026/01/04 03:58:36.859,69.14,345,2619,0,0
2026/01/04 03:58:36.859,75.68,345,2619,0,0
2026/01/04 03:58:36.859,71.50,345,2619,0,0
2026/01/04 03:58:36.859,69.26,345,2619,0,0
2026/01/04 03:58:36.859,80.78,345,2619,0,0
2026/01/04 03:58:36.859,71.75,345,2619,0,0
2026/01/04 03:58:36.859,72.88,345,2619,0,0
2026/01/04 03:58:36.859,74.07,345,2619,0,0
2026/01/04 03:58:36.909,69.15,345,2619,0,0
2026/01/04 03:58:36.909,75.68,345,2619,0,0
2026/01/04 03:58:36.909,71.50,345,2619,0,0
2026/01/04 03:58:36.909,69.27,345,2619,0,0
2026/01/04 03:58:36.909,80.78,345,2619,0,0
2026/01/04 03:58:36.909,71.74,345,2619,0,0
2026/01/04 03:58:36.909,72.87,345,2619,0,0
2026/01/04 03:58:36.909,74.07,345,2619,0,0
2026/01/04 03:58:36.959,69.15,345,2619,0,0
2026/01/04 03:58:36.959,75.68,345,2619,0,0
2026/01/04 03:58:36.959,71.50,345,2619,0,0
2026/01/04 03:58:36.959,69.27,345,2619,0,0
2026/01/04 03:58:36.959,80.79,345,2619,0,0
2026/01/04 03:58:36.959,71.74,345,2619,0,0
2026/01/04 03:58:36.959,72.87,345,2619,0,0
2026/01/04 03:58:36.959,74.08,345,2619,0,0
2026/01/04 03:58:37.009,69.15,345,2619,0,0
2026/01/04 03:58:37.010,75.68,345,2619,0,0
2026/01/04 03:58:37.010,71.50,345,2619,0,0
2026/01/04 03:58:37.010,69.27,345,2619,0,0
2026/01/04 03:58:37.010,80.79,345,2619,0,0
2026/01/04 03:58:37.010,71.76,345,2619,0,0
2026/01/04 03:58:37.010,72.88,345,2619,0,0
2026/01/04 03:58:37.010,74.08,345,2619,0,0
2026/01/04 03:58:37.060,69.15,345,2619,0,0
2026/01/04 03:58:37.060,75.67,345,2619,0,0
2026/01/04 03:58:37.060,71.50,345,2619,0,0
2026/01/04 03:58:37.060,69.30,345,2619,0,0
2026/01/04 03:58:37.060,80.79,345,2619,0,0
2026/01/04 03:58:37.060,71.76,345,2619,0,0
2026/01/04 03:58:37.060,72.88,345,2619,0,0
2026/01/04 03:58:37.060,74.06,345,2619,0,0
2026/01/04 03:58:37.110,69.13,345,2619,0,0
2026/01/04 03:58:37.110,75.67,345,2619,0,0
2026/01/04 03:58:37.110,71.50,345,2619,0,0
2026/01/04 03:58:37.110,69.30,345,2619,0,0
2026/01/04 03:58:37.110,80.79,345,2619,0,0
2026/01/04 03:58:37.110,71.78,345,2619,0,0
2026/01/04 03:58:37.110,72.88,345,2619,0,0
2026/01/04 03:58:37.110,74.06,345,2619,0,0
2026/01/04 03:58:37.160,69.13,345,2619,0,0
2026/01/04 03:58:37.160,75.68,345,2619,0,0
2026/01/04 03:58:37.160,71.53,345,2619,0,0
2026/01/04 03:58:37.160,69.33,345,2619,0,0
2026/01/04 03:58:37.160,80.79,345,2619,0,0
2026/01/04 03:58:37.160,71.78,345,2619,0,0
2026/01/04 03:58:37.160,72.88,345,2619,0,0
2026/01/04 03:58:37.160,74.05,345,2619,0,0
2026/01/04 03:58:37.210,69.13,345,2619,0,0
2026/01/04 03:58:37.210,75.68,345,2619,0,0
2026/01/04 03:58:37.210,71.53,345,2619,0,0
2026/01/04 03:58:37.210,69.33,345,2619,0,0
2026/01/04 03:58:37.210,80.79,345,2619,0,0
2026/01/04 03:58:37.210,71.79,345,2619,0,0
2026/01/04 03:58:37.210,72.86,345,2619,0,0
2026/01/04 03:58:37.210,74.05,345,2619,0,0
2026/01/04 03:58:37.260,69.13,345,2619,0,0
2026/01/04 03:58:37.260,75.70,345,2619,0,0
2026/01/04 03:58:37.260,71.53,345,2619,0,0
2026/01/04 03:58:37.260,69.33,345,2619,0,0
2026/01/04 03:58:37.260,80.79,345,2619,0,0
2026/01/04 03:58:37.260,71.79,345,2619,0,0
2026/01/04 03:58:37.260,72.86,345,2619,0,0
2026/01/04 03:58:37.260,74.05,345,2619,0,0
2026/01/04 03:58:37.310,69.12,345,2619,0,0
2026/01/04 03:58:37.310,75.70,345,2619,0,0
2026/01/04 03:58:37.310,71.54,345,2619,0,0
2026/01/04 03:58:37.310,69.32,345,2619,0,0
2026/01/04 03:58:37.311,80.79,345,2619,0,0
2026/01/04 03:58:37.311,71.79,345,2619,0,0
2026/01/04 03:58:37.311,72.86,345,2619,0,0
2026/01/04 03:58:37.311,74.07,345,2619,0,0
2026/01/04 03:58:37.361,69.12,345,2619,0,0
2026/01/04 03:58:37.361,75.70,345,2619,0,0
2026/01/04 03:58:37.361,71.54,345,2619,0,0
2026/01/04 03:58:37.361,69.33,345,2619,0,0
2026/01/04 03:58:37.361,80.79,345,2619,0,0
2026/01/04 03:58:37.361,71.80,345,2619,0,0
2026/01/04 03:58:37.361,72.86,345,2619,0,0
2026/01/04 03:58:37.361,74.08,345,2619,0,0
2026/01/04 03:58:37.411,69.09,345,2619,0,0
2026/01/04 03:58:37.411,75.70,345,2619,0,0
2026/01/04 03:58:37.411,71.54,345,2619,0,0
2026/01/04 03:58:37.411,69.33,345,2619,0,0
2026/01/04 03:58:37.411,80.80,345,2619,0,0
2026/01/04 03:58:37.411,71.78,345,2619,0,0
2026/01/04 03:58:37.411,72.86,345,2619,0,0
2026/01/04 03:58:37.411,74.08,345,2619,0,0
2026/01/04 03:58:37.461,69.09,345,2619,0,0
2026/01/04 03:58:37.461,75.70,345,2619,0,0
2026/01/04 03:58:37.461,71.54,345,2619,0,0
2026/01/04 03:58:37.461,69.33,345,2619,0,0
2026/01/04 03:58:37.461,80.80,345,2619,0,0
2026/01/04 03:58:37.461,71.78,345,2619,0,0
2026/01/04 03:58:37.461,72.86,345,2619,0,0
2026/01/04 03:58:37.461,74.08,345,2619,0,0
2026/01/04 03:58:37.511,69.09,345,2619,0,0
2026/01/04 03:58:37.511,75.70,345,2619,0,0
2026/01/04 03:58:37.511,71.56,345,2619,0,0
2026/01/04 03:58:37.511,69.33,345,2619,0,0
2026/01/04 03:58:37.511,80.79,345,2619,0,0
2026/01/04 03:58:37.511,71.78,345,2619,0,0
2026/01/04 03:58:37.511,72.86,345,2619,0,0
2026/01/04 03:58:37.511,74.04,345,2619,0,0
2026/01/04 03:58:37.561,69.09,345,2619,0,0
2026/01/04 03:58:37.561,75.72,345,2619,0,0
2026/01/04 03:58:37.561,71.56,345,2619,0,0
2026/01/04 03:58:37.561,69.34,345,2619,0,0
2026/01/04 03:58:37.561,80.79,345,2619,0,0
2026/01/04 03:58:37.561,71.79,345,2619,0,0
2026/01/04 03:58:37.561,72.85,345,2619,0,0
2026/01/04 03:58:37.561,74.03,345,2619,0,0
2026/01/04 03:58:37.611,69.08,345,2619,0,0
2026/01/04 03:58:37.611,75.72,345,2619,0,0
2026/01/04 03:58:37.611,71.54,345,2619,0,0
2026/01/04 03:58:37.611,69.34,345,2619,0,0
2026/01/04 03:58:37.611,80.78,345,2619,0,0
2026/01/04 03:58:37.611,71.79,345,2619,0,0
2026/01/04 03:58:37.612,72.85,345,2619,0,0
2026/01/04 03:58:37.612,74.03,345,2619,0,0
2026/01/04 03:58:37.662,69.08,345,2619,0,0
2026/01/04 03:58:37.662,75.71,345,2619,0,0
2026/01/04 03:58:37.662,71.54,345,2619,0,0
2026/01/04 03:58:37.662,69.34,345,2619,0,0
2026/01/04 03:58:37.662,80.78,345,2619,0,0
2026/01/04 03:58:37.662,71.79,345,2619,0,0
2026/01/04 03:58:37.662,72.86,345,2619,0,0
2026/01/04 03:58:37.662,74.03,345,2619,0,0
2026/01/04 03:58:37.712,69.07,345,2619,0,0
2026/01/04 03:58:37.712,75.71,345,2619,0,0
2026/01/04 03:58:37.712,71.52,345,2619,0,0
2026/01/04 03:58:37.712,69.34,345,2619,0,0
2026/01/04 03:58:37.712,80.78,345,2619,0,0
2026/01/04 03:58:37.712,71.81,345,2619,0,0
2026/01/04 03:58:37.712,72.86,345,2619,0,0
2026/01/04 03:58:37.712,74.04,345,2619,0,0
2026/01/04 03:58:37.762,69.07,345,2619,0,0
2026/01/04 03:58:37.762,75.70,345,2619,0,0
2026/01/04 03:58:37.762,71.52,345,2619,0,0
2026/01/04 03:58:37.762,69.34,345,2619,0,0
2026/01/04 03:58:37.762,80.77,345,2619,0,0
2026/01/04 03:58:37.762,71.81,345,2619,0,0
2026/01/04 03:58:37.762,72.86,345,2619,0,0
2026/01/04 03:58:37.762,74.04,345,2619,0,0
2026/01/04 03:58:37.812,69.04,345,2619,0,0
2026/01/04 03:58:37.812,75.70,345,2619,0,0
2026/01/04 03:58:37.812,71.51,345,2619,0,0
2026/01/04 03:58:37.812,69.33,345,2619,0,0
2026/01/04 03:58:37.812,80.77,345,2619,0,0
2026/01/04 03:58:37.812,71.83,345,2619,0,0
2026/01/04 03:58:37.812,72.85,345,2619,0,0
2026/01/04 03:58:37.812,74.02,345,2619,0,0
2026/01/04 03:58:37.862,69.04,345,2619,0,0
2026/01/04 03:58:37.862,75.71,345,2619,0,0
2026/01/04 03:58:37.862,71.51,345,2619,0,0
2026/01/04 03:58:37.862,69.33,345,2619,0,0
2026/01/04 03:58:37.862,80.77,345,2619,0,0
2026/01/04 03:58:37.863,71.83,345,2619,0,0
2026/01/04 03:58:37.863,72.85,345,2619,0,0
2026/01/04 03:58:37.863,74.02,345,2619,0,0
2026/01/04 03:58:37.913,69.05,345,2619,0,0
2026/01/04 03:58:37.913,75.71,345,2619,0,0
2026/01/04 03:58:37.913,71.49,345,2619,0,0
2026/01/04 03:58:37.913,69.34,345,2619,0,0
2026/01/04 03:58:37.913,80.75,345,2619,0,0
2026/01/04 03:58:37.913,71.81,345,2619,0,0
2026/01/04 03:58:37.913,72.85,345,2619,0,0
2026/01/04 03:58:37.913,74.04,345,2619,0,0
2026/01/04 03:58:37.963,69.05,345,2619,0,0
2026/01/04 03:58:37.963,75.72,345,2619,0,0
2026/01/04 03:58:37.963,71.49,345,2619,0,0
2026/01/04 03:58:37.963,69.34,345,2619,0,0
2026/01/04 03:58:37.963,80.75,345,2619,0,0
2026/01/04 03:58:37.963,71.81,345,2619,0,0
2026/01/04 03:58:37.963,72.86,345,2619,0,0
2026/01/04 03:58:37.963,74.04,345,2619,0,0
2026/01/04 03:58:38.013,69.05,345,2619,0,0
2026/01/04 03:58:38.013,75.72,345,2619,0,0
2026/01/04 03:58:38.013,71.48,345,2619,0,0
2026/01/04 03:58:38.013,69.31,345,2619,0,0
2026/01/04 03:58:38.013,80.75,345,2619,0,0
2026/01/04 03:58:38.013,71.82,345,2619,0,0
2026/01/04 03:58:38.013,72.86,345,2619,0,0
2026/01/04 03:58:38.013,74.06,345,2619,0,0
2026/01/04 03:58:38.063,69.05,345,2619,0,0
2026/01/04 03:58:38.063,75.70,345,2619,0,0
2026/01/04 03:58:38.063,71.48,345,2619,0,0
2026/01/04 03:58:38.063,69.31,345,2619,0,0
2026/01/04 03:58:38.063,80.75,345,2619,0,0
2026/01/04 03:58:38.063,71.82,345,2619,0,0
2026/01/04 03:58:38.063,72.86,345,2619,0,0
2026/01/04 03:58:38.063,74.06,345,2619,0,0
2026/01/04 03:58:38.113,69.06,345,2619,0,0
2026/01/04 03:58:38.113,75.70,345,2619,0,0
2026/01/04 03:58:38.113,71.47,345,2619,0,0
2026/01/04 03:58:38.113,69.31,345,2619,0,0
2026/01/04 03:58:38.113,80.74,345,2619,0,0
2026/01/04 03:58:38.113,71.83,345,2619,0,0
2026/01/04 03:58:38.113,72.86,345,2619,0,0
2026/01/04 03:58:38.113,74.05,345,2619,0,0
2026/01/04 03:58:38.163,69.06,345,2619,0,0
2026/01/04 03:58:38.163,75.70,345,2619,0,0
2026/01/04 03:58:38.163,71.47,345,2619,0,0
2026/01/04 03:58:38.163,69.31,345,2619,0,0
2026/01/04 03:58:38.163,80.74,345,2619,0,0
2026/01/04 03:58:38.163,71.83,345,2619,0,0
2026/01/04 03:58:38.164,72.83,345,2619,0,0
2026/01/04 03:58:38.164,74.05,345,2619,0,0
2026/01/04 03:58:38.214,69.06,345,2619,0,0
2026/01/04 03:58:38.214,75.70,345,2619,0,0
2026/01/04 03:58:38.214,71.45,345,2619,0,0
2026/01/04 03:58:38.214,69.28,345,2619,0,0
2026/01/04 03:58:38.214,80.74,345,2619,0,0
2026/01/04 03:58:38.214,71.82,345,2619,0,0
2026/01/04 03:58:38.214,72.83,345,2619,0,0
2026/01/04 03:58:38.214,74.09,345,2619,0,0
2026/01/04 03:58:38.264,69.06,345,2619,0,0
2026/01/04 03:58:38.264,75.70,345,2619,0,0
2026/01/04 03:58:38.264,71.45,345,2619,0,0
2026/01/04 03:58:38.264,69.28,345,2619,0,0
2026/01/04 03:58:38.264,80.72,345,2619,0,0
2026/01/04 03:58:38.264,71.82,345,2619,0,0
2026/01/04 03:58:38.264,72.83,345,2619,0,0
2026/01/04 03:58:38.264,74.09,345,2619,0,0
2026/01/04 03:58:38.314,69.06,345,2619,0,0
2026/01/04 03:58:38.314,75.70,345,2619,0,0
2026/01/04 03:58:38.314,71.43,345,2619,0,0
2026/01/04 03:58:38.314,69.27,345,2619,0,0
2026/01/04 03:58:38.314,80.72,345,2619,0,0
2026/01/04 03:58:38.314,71.83,345,2619,0,0
2026/01/04 03:58:38.314,72.83,345,2619,0,0
2026/01/04 03:58:38.314,74.09,345,2619,0,0
2026/01/04 03:58:38.364,69.06,345,2619,0,0
2026/01/04 03:58:38.364,75.71,345,2619,0,0
2026/01/04 03:58:38.364,71.43,345,2619,0,0
2026/01/04 03:58:38.364,69.27,345,2619,0,0
2026/01/04 03:58:38.364,80.72,345,2619,0,0
2026/01/04 03:58:38.364,71.83,345,2619,0,0
2026/01/04 03:58:38.364,72.83,345,2619,0,0
2026/01/04 03:58:38.364,74.08,345,2619,0,0
2026/01/04 03:58:38.414,69.05,345,2619,0,0
2026/01/04 03:58:38.414,75.71,345,2619,0,0
2026/01/04 03:58:38.414,71.43,345,2619,0,0
2026/01/04 03:58:38.414,69.29,345,2619,0,0
2026/01/04 03:58:38.414,80.72,345,2619,0,0
2026/01/04 03:58:38.414,71.84,345,2619,0,0
2026/01/04 03:58:38.414,72.85,345,2619,0,0
2026/01/04 03:58:38.414,74.09,345,2619,0,0
2026/01/04 03:58:38.465,69.05,345,2619,0,0
2026/01/04 03:58:38.465,75.71,345,2619,0,0
2026/01/04 03:58:38.465,71.43,345,2619,0,0
2026/01/04 03:58:38.465,69.29,345,2619,0,0
2026/01/04 03:58:38.465,80.72,345,2619,0,0
2026/01/04 03:58:38.465,71.84,345,2619,0,0
2026/01/04 03:58:38.465,72.85,345,2619,0,0
2026/01/04 03:58:38.465,74.09,345,2619,0,0
2026/01/04 03:58:38.515,69.06,345,2619,0,0
2026/01/04 03:58:38.515,75.68,345,2619,0,0
2026/01/04 03:58:38.515,71.42,345,2619,0,0
2026/01/04 03:58:38.515,69.31,345,2619,0,0
2026/01/04 03:58:38.515,80.72,345,2619,0,0
2026/01/04 03:58:38.515,71.82,345,2619,0,0
2026/01/04 03:58:38.515,72.85,345,2619,0,0
2026/01/04 03:58:38.515,74.08,345,2619,0,0
2026/01/04 03:58:38.565,69.06,345,2619,0,0
2026/01/04 03:58:38.565,75.68,345,2619,0,0
2026/01/04 03:58:38.565,71.42,345,2619,0,0
2026/01/04 03:58:38.565,69.31,345,2619,0,0
2026/01/04 03:58:38.565,80.73,345,2619,0,0
2026/01/04 03:58:38.565,71.82,345,2619,0,0
2026/01/04 03:58:38.565,72.85,345,2619,0,0
2026/01/04 03:58:38.565,74.08,345,2619,0,0
2026/01/04 03:58:38.615,69.06,345,2619,0,0
2026/01/04 03:58:38.615,75.70,345,2619,0,0
2026/01/04 03:58:38.615,71.43,345,2619,0,0
2026/01/04 03:58:38.615,69.29,345,2619,0,0
2026/01/04 03:58:38.615,80.73,345,2619,0,0
2026/01/04 03:58:38.615,71.84,345,2619,0,0
2026/01/04 03:58:38.615,72.85,345,2619,0,0
2026/01/04 03:58:38.615,74.08,345,2619,0,0
2026/01/04 03:58:38.665,69.07,345,2619,0,0
2026/01/04 03:58:38.665,75.70,345,2619,0,0
2026/01/04 03:58:38.665,71.43,345,2619,0,0
2026/01/04 03:58:38.665,69.29,345,2619,0,0
2026/01/04 03:58:38.665,80.74,345,2619,0,0
2026/01/04 03:58:38.665,71.84,345,2619,0,0
2026/01/04 03:58:38.665,72.85,345,2619,0,0
2026/01/04 03:58:38.665,74.08,345,2619,0,0
2026/01/04 03:58:38.715,69.07,345,2619,0,0
2026/01/04 03:58:38.715,75.69,345,2619,0,0
2026/01/04 03:58:38.715,71.44,345,2619,0,0
2026/01/04 03:58:38.715,69.28,345,2619,0,0
2026/01/04 03:58:38.715,80.74,345,2619,0,0
2026/01/04 03:58:38.715,71.83,345,2619,0,0
2026/01/04 03:58:38.715,72.86,345,2619,0,0
2026/01/04 03:58:38.715,74.08,345,2619,0,0
2026/01/04 03:58:38.766,69.07,345,2619,0,0
2026/01/04 03:58:38.766,75.69,345,2619,0,0
2026/01/04 03:58:38.766,71.44,345,2619,0,0
2026/01/04 03:58:38.766,69.28,345,2619,0,0
2026/01/04 03:58:38.766,80.74,345,2619,0,0
2026/01/04 03:58:38.766,71.83,345,2619,0,0
2026/01/04 03:58:38.766,72.86,345,2619,0,0
2026/01/04 03:58:38.766,74.09,345,2619,0,0
2026/01/04 03:58:38.816,69.07,345,2619,0,0
2026/01/04 03:58:38.816,75.68,345,2619,0,0
2026/01/04 03:58:38.816,71.44,345,2619,0,0
2026/01/04 03:58:38.816,69.30,345,2619,0,0
2026/01/04 03:58:38.816,80.74,345,2619,0,0
2026/01/04 03:58:38.816,71.81,345,2619,0,0
2026/01/04 03:58:38.816,72.85,345,2619,0,0
2026/01/04 03:58:38.816,74.09,345,2619,0,0
2026/01/04 03:58:38.866,69.09,345,2619,0,0
2026/01/04 03:58:38.866,75.68,345,2619,0,0
2026/01/04 03:58:38.866,71.46,345,2619,0,0
2026/01/04 03:58:38.866,69.30,345,2619,0,0
2026/01/04 03:58:38.866,80.75,345,2619,0,0
2026/01/04 03:58:38.866,71.81,345,2619,0,0
2026/01/04 03:58:38.866,72.85,345,2619,0,0
2026/01/04 03:58:38.866,74.09,345,2619,0,0
2026/01/04 03:58:38.916,69.09,345,2619,0,0
2026/01/04 03:58:38.916,75.68,345,2619,0,0
2026/01/04 03:58:38.916,71.46,345,2619,0,0
2026/01/04 03:58:38.916,69.29,345,2619,0,0
2026/01/04 03:58:38.916,80.75,345,2619,0,0
2026/01/04 03:58:38.916,71.80,345,2619,0,0
2026/01/04 03:58:38.916,72.85,345,2619,0,0
2026/01/04 03:58:38.916,74.10,345,2619,0,0
2026/01/04 03:58:38.966,69.07,345,2619,0,0
2026/01/04 03:58:38.966,75.68,345,2619,0,0
2026/01/04 03:58:38.966,71.46,345,2619,0,0
2026/01/04 03:58:38.966,69.29,345,2619,0,0
2026/01/04 03:58:38.966,80.76,345,2619,0,0
2026/01/04 03:58:38.966,71.80,345,2619,0,0
2026/01/04 03:58:38.966,72.83,345,2619,0,0
2026/01/04 03:58:38.966,74.10,345,2619,0,0
2026/01/04 03:58:39.016,69.07,345,2619,0,0
2026/01/04 03:58:39.016,75.69,345,2619,0,0
2026/01/04 03:58:39.016,71.46,345,2619,0,0
2026/01/04 03:58:39.016,69.32,345,2619,0,0
2026/01/04 03:58:39.016,80.76,345,2619,0,0
2026/01/04 03:58:39.016,71.80,345,2619,0,0
2026/01/04 03:58:39.016,72.83,345,2619,0,0
2026/01/04 03:58:39.016,74.05,345,2619,0,0
2026/01/04 03:58:39.066,69.06,345,2619,0,0
2026/01/04 03:58:39.066,75.69,345,2619,0,0
2026/01/04 03:58:39.066,71.47,345,2619,0,0
2026/01/04 03:58:39.067,69.32,345,2619,0,0
2026/01/04 03:58:39.067,80.75,345,2619,0,0
2026/01/04 03:58:39.067,71.80,345,2619,0,0
2026/01/04 03:58:39.067,72.84,345,2619,0,0
2026/01/04 03:58:39.067,74.05,345,2619,0,0
2026/01/04 03:58:39.117,69.06,345,2619,0,0
2026/01/04 03:58:39.117,75.71,345,2619,0,0
2026/01/04 03:58:39.117,71.47,345,2619,0,0
2026/01/04 03:58:39.117,69.32,345,2619,0,0
2026/01/04 03:58:39.117,80.75,345,2619,0,0
2026/01/04 03:58:39.117,71.78,345,2619,0,0
2026/01/04 03:58:39.117,72.84,345,2619,0,0
2026/01/04 03:58:39.117,74.06,345,2619,0,0
2026/01/04 03:58:39.167,69.06,345,2619,0,0
2026/01/04 03:58:39.167,75.71,345,2619,0,0
2026/01/04 03:58:39.167,71.48,345,2619,0,0
2026/01/04 03:58:39.167,69.34,345,2619,0,0
2026/01/04 03:58:39.167,80.76,345,2619,0,0
2026/01/04 03:58:39.167,71.78,345,2619,0,0
2026/01/04 03:58:39.167,72.84,345,2619,0,0
2026/01/04 03:58:39.167,74.06,345,2619,0,0
2026/01/04 03:58:39.217,69.06,345,2619,0,0
2026/01/04 03:58:39.217,75.69,345,2619,0,0
2026/01/04 03:58:39.217,71.48,345,2619,0,0
2026/01/04 03:58:39.217,69.35,345,2619,0,0
2026/01/04 03:58:39.217,80.76,345,2619,0,0
2026/01/04 03:58:39.217,71.78,345,2619,0,0
2026/01/04 03:58:39.217,72.84,345,2619,0,0
2026/01/04 03:58:39.217,74.06,345,2619,0,0
2026/01/04 03:58:39.267,69.07,345,2619,0,0
2026/01/04 03:58:39.267,75.69,345,2619,0,0
2026/01/04 03:58:39.267,71.49,345,2619,0,0
2026/01/04 03:58:39.267,69.35,345,2619,0,0
2026/01/04 03:58:39.267,80.77,345,2619,0,0
2026/01/04 03:58:39.267,71.75,345,2619,0,0
2026/01/04 03:58:39.267,72.84,345,2619,0,0
2026/01/04 03:58:39.267,74.06,345,2619,0,0
2026/01/04 03:58:39.317,69.07,345,2619,0,0
2026/01/04 03:58:39.317,75.71,345,2619,0,0
2026/01/04 03:58:39.317,71.49,345,2619,0,0
2026/01/04 03:58:39.317,69.35,345,2619,0,0
2026/01/04 03:58:39.317,80.77,345,2619,0,0
2026/01/04 03:58:39.317,71.75,345,2619,0,0
2026/01/04 03:58:39.317,72.84,345,2619,0,0
2026/01/04 03:58:39.317,74.02,345,2619,0,0
2026/01/04 03:58:39.368,69.07,345,2619,0,0
2026/01/04 03:58:39.368,75.71,345,2619,0,0
2026/01/04 03:58:39.368,71.50,345,2619,0,0
2026/01/04 03:58:39.368,69.35,345,2619,0,0
2026/01/04 03:58:39.368,80.76,345,2619,0,0
2026/01/04 03:58:39.368,71.74,345,2619,0,0
2026/01/04 03:58:39.368,72.82,345,2619,0,0
2026/01/04 03:58:39.368,74.02,345,2619,0,0
2026/01/04 03:58:39.418,69.07,345,2619,0,0
2026/01/04 03:58:39.418,75.70,345,2619,0,0
2026/01/04 03:58:39.418,71.50,345,2619,0,0
2026/01/04 03:58:39.418,69.34,345,2619,0,0
2026/01/04 03:58:39.418,80.76,345,2619,0,0
2026/01/04 03:58:39.418,71.74,345,2619,0,0
2026/01/04 03:58:39.418,72.82,345,2619,0,0
2026/01/04 03:58:39.418,74.04,345,2619,0,0
2026/01/04 03:58:39.468,69.07,345,2619,0,0
2026/01/04 03:58:39.468,75.70,345,2619,0,0
2026/01/04 03:58:39.468,71.50,345,2619,0,0
2026/01/04 03:58:39.468,69.34,345,2619,0,0
2026/01/04 03:58:39.468,80.74,345,2619,0,0
2026/01/04 03:58:39.468,71.72,345,2619,0,0
2026/01/04 03:58:39.468,72.82,345,2619,0,0
2026/01/04 03:58:39.468,74.04,345,2619,0,0
2026/01/04 03:58:39.518,69.07,345,2619,0,0
2026/01/04 03:58:39.518,75.72,345,2619,0,0
2026/01/04 03:58:39.518,71.50,345,2619,0,0
2026/01/04 03:58:39.518,69.34,345,2619,0,0
2026/01/04 03:58:39.518,80.74,345,2619,0,0
2026/01/04 03:58:39.518,71.72,345,2619,0,0
2026/01/04 03:58:39.518,72.82,345,2619,0,0
2026/01/04 03:58:39.518,74.05,345,2619,0,0
2026/01/04 03:58:39.568,69.05,345,2619,0,0
2026/01/04 03:58:39.568,75.72,345,2619,0,0
2026/01/04 03:58:39.568,71.51,345,2619,0,0
2026/01/04 03:58:39.568,69.36,345,2619,0,0
2026/01/04 03:58:39.568,80.75,345,2619,0,0
2026/01/04 03:58:39.568,71.70,345,2619,0,0
2026/01/04 03:58:39.568,72.81,345,2619,0,0
2026/01/04 03:58:39.568,74.05,345,2619,0,0
2026/01/04 03:58:39.618,69.05,345,2619,0,0
2026/01/04 03:58:39.618,75.73,345,2619,0,0
2026/01/04 03:58:39.618,71.51,345,2619,0,0
2026/01/04 03:58:39.618,69.36,345,2619,0,0
2026/01/04 03:58:39.618,80.75,345,2619,0,0
2026/01/04 03:58:39.618,71.70,345,2619,0,0
2026/01/04 03:58:39.618,72.81,345,2619,0,0
2026/01/04 03:58:39.618,74.03,345,2619,0,0
2026/01/04 03:58:39.668,69.05,345,2619,0,0
2026/01/04 03:58:39.668,75.73,345,2619,0,0
2026/01/04 03:58:39.669,71.52,345,2619,0,0
2026/01/04 03:58:39.669,69.38,345,2619,0,0
2026/01/04 03:58:39.669,80.75,345,2619,0,0
2026/01/04 03:58:39.669,71.70,345,2619,0,0
2026/01/04 03:58:39.669,72.81,345,2619,0,0
2026/01/04 03:58:39.669,74.03,345,2619,0,0
2026/01/04 03:58:39.719,69.05,345,2619,0,0
2026/01/04 03:58:39.719,75.71,345,2619,0,0
2026/01/04 03:58:39.719,71.52,345,2619,0,0
2026/01/04 03:58:39.719,69.38,345,2619,0,0
2026/01/04 03:58:39.719,80.74,345,2619,0,0
2026/01/04 03:58:39.719,71.70,345,2619,0,0
2026/01/04 03:58:39.719,72.81,345,2619,0,0
2026/01/04 03:58:39.719,74.03,345,2619,0,0
2026/01/04 03:58:39.769,69.07,345,2619,0,0
2026/01/04 03:58:39.769,75.71,345,2619,0,0
2026/01/04 03:58:39.769,71.52,345,2619,0,0
2026/01/04 03:58:39.769,69.37,345,2619,0,0
2026/01/04 03:58:39.769,80.74,345,2619,0,0
2026/01/04 03:58:39.769,71.69,345,2619,0,0
2026/01/04 03:58:39.769,72.80,345,2619,0,0
2026/01/04 03:58:39.769,74.04,345,2619,0,0
2026/01/04 03:58:39.819,69.07,345,2619,0,0
2026/01/04 03:58:39.819,75.71,345,2619,0,0
2026/01/04 03:58:39.819,71.52,345,2619,0,0
2026/01/04 03:58:39.819,69.37,345,2619,0,0
2026/01/04 03:58:39.819,80.75,345,2619,0,0
2026/01/04 03:58:39.819,71.69,345,2619,0,0
2026/01/04 03:58:39.819,72.80,345,2619,0,0
2026/01/04 03:58:39.819,74.05,345,2619,0,0
2026/01/04 03:58:39.869,69.04,345,2619,0,0
2026/01/04 03:58:39.869,75.71,345,2619,0,0
2026/01/04 03:58:39.869,71.52,345,2619,0,0
2026/01/04 03:58:39.869,69.37,345,2619,0,0
2026/01/04 03:58:39.869,80.75,345,2619,0,0
2026/01/04 03:58:39.869,71.68,345,2619,0,0
2026/01/04 03:58:39.869,72.78,345,2619,0,0
2026/01/04 03:58:39.869,74.05,345,2619,0,0
2026/01/04 03:58:39.919,69.04,345,2619,0,0
2026/01/04 03:58:39.919,75.70,345,2619,0,0
2026/01/04 03:58:39.919,71.52,345,2619,0,0
2026/01/04 03:58:39.919,69.37,345,2619,0,0
2026/01/04 03:58:39.919,80.75,345,2619,0,0
2026/01/04 03:58:39.919,71.68,345,2619,0,0
2026/01/04 03:58:39.919,72.78,345,2619,0,0
2026/01/04 03:58:39.919,74.05,345,2619,0,0
2026/01/04 03:58:39.969,69.08,345,2619,0,0
2026/01/04 03:58:39.969,75.70,345,2619,0,0
2026/01/04 03:58:39.969,71.52,345,2619,0,0
2026/01/04 03:58:39.969,69.37,345,2619,0,0
2026/01/04 03:58:39.969,80.75,345,2619,0,0
2026/01/04 03:58:39.969,71.71,345,2619,0,0
2026/01/04 03:58:39.969,72.79,345,2619,0,0
2026/01/04 03:58:39.969,74.01,345,2619,0,0
2026/01/04 03:58:40.020,69.08,345,2619,0,0
2026/01/04 03:58:40.020,75.70,345,2619,0,0
2026/01/04 03:58:40.020,71.52,345,2619,0,0
2026/01/04 03:58:40.020,69.37,345,2619,0,0
2026/01/04 03:58:40.020,80.74,345,2619,0,0
2026/01/04 03:58:40.020,71.71,345,2619,0,0
2026/01/04 03:58:40.020,72.79,345,2619,0,0
2026/01/04 03:58:40.020,74.01,345,2619,0,0
2026/01/04 03:58:40.070,69.07,345,2619,0,0
2026/01/04 03:58:40.070,75.70,345,2619,0,0
2026/01/04 03:58:40.070,71.53,345,2619,0,0
2026/01/04 03:58:40.070,69.36,345,2619,0,0
2026/01/04 03:58:40.070,80.74,345,2619,0,0
2026/01/04 03:58:40.070,71.68,345,2619,0,0
2026/01/04 03:58:40.070,72.78,345,2619,0,0
2026/01/04 03:58:40.070,74.01,345,2619,0,0
2026/01/04 03:58:40.120,69.07,345,2619,0,0
2026/01/04 03:58:40.120,75.70,345,2619,0,0
2026/01/04 03:58:40.120,71.53,345,2619,0,0
2026/01/04 03:58:40.120,69.36,345,2619,0,0
2026/01/04 03:58:40.120,80.73,345,2619,0,0
2026/01/04 03:58:40.120,71.68,345,2619,0,0
2026/01/04 03:58:40.120,72.78,345,2619,0,0
2026/01/04 03:58:40.120,74.01,345,2619,0,0
2026/01/04 03:58:40.170,69.07,345,2619,0,0
2026/01/04 03:58:40.170,75.70,345,2619,0,0
2026/01/04 03:58:40.170,71.53,345,2619,0,0
2026/01/04 03:58:40.170,69.35,345,2619,0,0
2026/01/04 03:58:40.170,80.73,345,2619,0,0
2026/01/04 03:58:40.170,71.71,345,2619,0,0
2026/01/04 03:58:40.170,72.78,345,2619,0,0
2026/01/04 03:58:40.170,74.04,345,2619,0,0
2026/01/04 03:58:40.220,69.07,345,2619,0,0
2026/01/04 03:58:40.220,75.68,345,2619,0,0
2026/01/04 03:58:40.220,71.53,345,2619,0,0
2026/01/04 03:58:40.220,69.35,345,2619,0,0
2026/01/04 03:58:40.220,80.75,345,2619,0,0
2026/01/04 03:58:40.220,71.71,345,2619,0,0
2026/01/04 03:58:40.220,72.78,345,2619,0,0
2026/01/04 03:58:40.220,74.04,345,2619,0,0
2026/01/04 03:58:40.270,69.07,345,2619,0,0
2026/01/04 03:58:40.270,75.68,345,2619,0,0
2026/01/04 03:58:40.270,71.52,345,2619,0,0
2026/01/04 03:58:40.270,69.36,345,2619,0,0
2026/01/04 03:58:40.270,80.75,345,2619,0,0
2026/01/04 03:58:40.270,71.70,345,2619,0,0
2026/01/04 03:58:40.270,72.78,345,2619,0,0
2026/01/04 03:58:40.270,74.01,345,2619,0,0
2026/01/04 03:58:40.320,69.07,345,2619,0,0
2026/01/04 03:58:40.321,75.67,345,2619,0,0
2026/01/04 03:58:40.321,71.52,345,2619,0,0
2026/01/04 03:58:40.321,69.36,345,2619,0,0
2026/01/04 03:58:40.321,80.74,345,2619,0,0
2026/01/04 03:58:40.321,71.70,345,2619,0,0
2026/01/04 03:58:40.321,72.78,345,2619,0,0
2026/01/04 03:58:40.321,74.01,345,2619,0,0
2026/01/04 03:58:40.371,69.07,345,2619,0,0
2026/01/04 03:58:40.371,75.67,345,2619,0,0
2026/01/04 03:58:40.371,71.52,345,2619,0,0
2026/01/04 03:58:40.371,69.36,345,2619,0,0
2026/01/04 03:58:40.371,80.74,345,2619,0,0
2026/01/04 03:58:40.371,71.70,345,2619,0,0
2026/01/04 03:58:40.371,72.79,345,2619,0,0
2026/01/04 03:58:40.371,74.02,345,2619,0,0
2026/01/04 03:58:40.421,69.07,345,2619,0,0
2026/01/04 03:58:40.421,75.67,345,2619,0,0
2026/01/04 03:58:40.421,71.52,345,2619,0,0
2026/01/04 03:58:40.421,69.36,345,2619,0,0
2026/01/04 03:58:40.421,80.74,345,2619,0,0
2026/01/04 03:58:40.421,71.70,345,2619,0,0
2026/01/04 03:58:40.421,72.79,345,2619,0,0
2026/01/04 03:58:40.421,74.02,345,2619,0,0
2026/01/04 03:58:40.471,69.07,345,2619,0,0
2026/01/04 03:58:40.471,75.67,345,2619,0,0
2026/01/04 03:58:40.471,71.51,345,2619,0,0
2026/01/04 03:58:40.471,69.36,345,2619,0,0
2026/01/04 03:58:40.471,80.74,345,2619,0,0
2026/01/04 03:58:40.471,71.72,345,2619,0,0
2026/01/04 03:58:40.471,72.78,345,2619,0,0
2026/01/04 03:58:40.471,74.02,345,2619,0,0
2026/01/04 03:58:40.521,69.08,345,2619,0,0
2026/01/04 03:58:40.521,75.68,345,2619,0,0
2026/01/04 03:58:40.521,71.51,345,2619,0,0
2026/01/04 03:58:40.521,69.36,345,2619,0,0
2026/01/04 03:58:40.521,80.74,345,2619,0,0
2026/01/04 03:58:40.521,71.72,345,2619,0,0
2026/01/04 03:58:40.521,72.78,345,2619,0,0
2026/01/04 03:58:40.521,74.02,345,2619,0,0
2026/01/04 03:58:40.571,69.08,345,2619,0,0
2026/01/04 03:58:40.571,75.68,345,2619,0,0
2026/01/04 03:58:40.571,71.51,345,2619,0,0
2026/01/04 03:58:40.571,69.36,345,2619,0,0
2026/01/04 03:58:40.571,80.74,345,2619,0,0
2026/01/04 03:58:40.571,71.71,345,2619,0,0
2026/01/04 03:58:40.571,72.79,345,2619,0,0
2026/01/04 03:58:40.571,74.01,345,2619,0,0
2026/01/04 03:58:40.621,69.08,345,2619,0,0
2026/01/04 03:58:40.621,75.66,345,2619,0,0
2026/01/04 03:58:40.621,71.51,345,2619,0,0
2026/01/04 03:58:40.621,69.36,345,2619,0,0
2026/01/04 03:58:40.621,80.73,345,2619,0,0
2026/01/04 03:58:40.621,71.71,345,2619,0,0
2026/01/04 03:58:40.621,72.79,345,2619,0,0
2026/01/04 03:58:40.621,74.01,345,2619,0,0
2026/01/04 03:58:40.672,69.08,345,2619,0,0
2026/01/04 03:58:40.672,75.66,345,2619,0,0
2026/01/04 03:58:40.672,71.51,345,2619,0,0
2026/01/04 03:58:40.672,69.37,345,2619,0,0
2026/01/04 03:58:40.672,80.73,345,2619,0,0
2026/01/04 03:58:40.672,71.71,345,2619,0,0
2026/01/04 03:58:40.672,72.79,345,2619,0,0
2026/01/04 03:58:40.672,74.00,345,2619,0,0
2026/01/04 03:58:40.722,69.07,345,2619,0,0
2026/01/04 03:58:40.722,75.65,345,2619,0,0
2026/01/04 03:58:40.722,71.50,345,2619,0,0
2026/01/04 03:58:40.722,69.37,345,2619,0,0
2026/01/04 03:58:40.722,80.73,345,2619,0,0
2026/01/04 03:58:40.722,71.71,345,2619,0,0
2026/01/04 03:58:40.722,72.79,345,2619,0,0
2026/01/04 03:58:40.722,74.00,345,2619,0,0
2026/01/04 03:58:40.772,69.07,345,2619,0,0
2026/01/04 03:58:40.772,75.65,345,2619,0,0
2026/01/04 03:58:40.772,71.50,345,2619,0,0
2026/01/04 03:58:40.772,69.36,345,2619,0,0
2026/01/04 03:58:40.772,80.73,345,2619,0,0
2026/01/04 03:58:40.772,71.72,345,2619,0,0
2026/01/04 03:58:40.772,72.80,345,2619,0,0
2026/01/04 03:58:40.772,73.99,345,2619,0,0
2026/01/04 03:58:40.822,69.09,345,2619,0,0
2026/01/04 03:58:40.822,75.65,345,2619,0,0
2026/01/04 03:58:40.822,71.48,345,2619,0,0
2026/01/04 03:58:40.822,69.36,345,2619,0,0
2026/01/04 03:58:40.822,80.74,345,2619,0,0
2026/01/04 03:58:40.822,71.72,345,2619,0,0
2026/01/04 03:58:40.822,72.80,345,2619,0,0
2026/01/04 03:58:40.822,73.99,345,2619,0,0
2026/01/04 03:58:40.872,69.09,345,2619,0,0
2026/01/04 03:58:40.872,75.66,345,2619,0,0
2026/01/04 03:58:40.872,71.48,345,2619,0,0
2026/01/04 03:58:40.872,69.36,345,2619,0,0
2026/01/04 03:58:40.872,80.74,345,2619,0,0
2026/01/04 03:58:40.872,71.71,345,2619,0,0
2026/01/04 03:58:40.872,72.80,345,2619,0,0
2026/01/04 03:58:40.872,74.00,345,2619,0,0
2026/01/04 03:58:40.922,69.09,345,2619,0,0
2026/01/04 03:58:40.923,75.66,345,2619,0,0
2026/01/04 03:58:40.923,71.48,345,2619,0,0
2026/01/04 03:58:40.923,69.36,345,2619,0,0
2026/01/04 03:58:40.923,80.72,345,2619,0,0
2026/01/04 03:58:40.923,71.71,345,2619,0,0
2026/01/04 03:58:40.923,72.80,345,2619,0,0
2026/01/04 03:58:40.923,74.00,345,2619,0,0
2026/01/04 03:58:40.973,69.09,345,2619,0,0
2026/01/04 03:58:40.973,75.65,345,2619,0,0
2026/01/04 03:58:40.973,71.48,345,2619,0,0
2026/01/04 03:58:40.973,69.35,345,2619,0,0
2026/01/04 03:58:40.973,80.72,345,2619,0,0
2026/01/04 03:58:40.973,71.71,345,2619,0,0
2026/01/04 03:58:40.973,72.82,345,2619,0,0
2026/01/04 03:58:40.973,74.00,345,2619,0,0
2026/01/04 03:58:41.023,69.09,345,2619,0,0
2026/01/04 03:58:41.023,75.65,345,2619,0,0
2026/01/04 03:58:41.023,71.47,345,2619,0,0
2026/01/04 03:58:41.023,69.35,345,2619,0,0
2026/01/04 03:58:41.023,80.71,345,2619,0,0
2026/01/04 03:58:41.023,71.71,345,2619,0,0
2026/01/04 03:58:41.023,72.82,345,2619,0,0
2026/01/04 03:58:41.023,74.00,345,2619,0,0
2026/01/04 03:58:41.073,69.09,1980,2619,0,0
2026/01/04 03:58:41.073,75.64,345,2619,0,0
2026/01/04 03:58:41.073,71.47,345,2619,0,0
2026/01/04 03:58:41.073,69.36,345,2619,0,0
2026/01/04 03:58:41.073,80.71,345,2619,0,0
2026/01/04 03:58:41.073,71.71,345,2619,0,0
2026/01/04 03:58:41.073,72.82,345,2619,0,0
2026/01/04 03:58:41.073,74.01,345,2619,0,0
2026/01/04 03:58:41.123,71.31,1980,2619,0,0
2026/01/04 03:58:41.123,75.64,345,2619,0,0
2026/01/04 03:58:41.123,71.45,345,2619,0,0
2026/01/04 03:58:41.123,69.36,345,2619,0,0
2026/01/04 03:58:41.123,80.73,345,2619,0,0
2026/01/04 03:58:41.123,71.71,345,2619,0,0
2026/01/04 03:58:41.123,72.80,345,2619,0,0
2026/01/04 03:58:41.123,74.01,345,2619,0,0
2026/01/04 03:58:41.173,71.31,1980,2619,0,0
2026/01/04 03:58:41.173,75.63,345,2619,0,0
2026/01/04 03:58:41.173,71.45,345,2619,0,0
2026/01/04 03:58:41.173,69.33,345,2619,0,0
2026/01/04 03:58:41.173,80.73,345,2619,0,0
2026/01/04 03:58:41.173,71.72,345,2619,0,0
2026/01/04 03:58:41.173,72.81,345,2619,0,0
2026/01/04 03:58:41.174,74.00,345,2619,0,0
2026/01/04 03:58:41.224,75.53,1980,2619,0,0
2026/01/04 03:58:41.224,75.63,345,2619,0,0
2026/01/04 03:58:41.224,71.46,345,2619,0,0
2026/01/04 03:58:41.224,69.33,345,2619,0,0
2026/01/04 03:58:41.224,80.71,345,2619,0,0
2026/01/04 03:58:41.224,71.72,345,2619,0,0
2026/01/04 03:58:41.224,72.81,345,2619,0,0
2026/01/04 03:58:41.224,74.00,345,2619,0,0
2026/01/04 03:58:41.274,75.53,1980,2619,0,0
2026/01/04 03:58:41.274,75.64,345,2619,0,0
2026/01/04 03:58:41.274,71.46,345,2619,0,0
2026/01/04 03:58:41.274,69.33,345,2619,0,0
2026/01/04 03:58:41.274,80.71,345,2619,0,0
2026/01/04 03:58:41.274,71.72,345,2619,0,0
2026/01/04 03:58:41.274,72.82,345,2619,0,0
2026/01/04 03:58:41.274,74.01,345,2619,0,0
2026/01/04 03:58:41.324,80.05,1980,2619,0,0
2026/01/04 03:58:41.324,75.64,345,2619,0,0
2026/01/04 03:58:41.324,71.47,345,2619,0,0
2026/01/04 03:58:41.324,69.34,345,2619,0,0
2026/01/04 03:58:41.324,80.72,345,2619,0,0
2026/01/04 03:58:41.324,71.70,345,2619,0,0
2026/01/04 03:58:41.324,72.82,345,2619,0,0
2026/01/04 03:58:41.324,74.01,345,2619,0,0
2026/01/04 03:58:41.374,80.05,1980,2619,0,0
2026/01/04 03:58:41.374,75.62,345,2619,0,0
2026/01/04 03:58:41.374,71.47,345,2619,0,0
2026/01/04 03:58:41.374,69.35,345,2619,0,0
2026/01/04 03:58:41.374,80.72,345,2619,0,0
2026/01/04 03:58:41.374,71.70,345,2619,0,0
2026/01/04 03:58:41.374,72.84,345,2619,0,0
2026/01/04 03:58:41.374,74.00,345,2619,0,0
2026/01/04 03:58:41.424,85.35,1980,2619,0,0
2026/01/04 03:58:41.424,75.62,345,2619,0,0
2026/01/04 03:58:41.424,71.47,345,2619,0,0
2026/01/04 03:58:41.424,69.35,345,2619,0,0
2026/01/04 03:58:41.424,80.70,345,2619,0,0
2026/01/04 03:58:41.424,71.73,345,2619,0,0
2026/01/04 03:58:41.424,72.84,345,2619,0,0
2026/01/04 03:58:41.424,74.00,345,2619,0,0
2026/01/04 03:58:41.474,85.35,1980,2619,0,0
2026/01/04 03:58:41.474,75.62,345,2619,0,0
2026/01/04 03:58:41.475,71.47,345,2619,0,0
2026/01/04 03:58:41.475,69.35,345,2619,0,0
2026/01/04 03:58:41.475,80.70,345,2619,0,0
2026/01/04 03:58:41.475,71.73,345,2619,0,0
2026/01/04 03:58:41.475,72.84,345,2619,0,0
2026/01/04 03:58:41.475,74.02,345,2619,0,0
2026/01/04 03:58:41.525,89.34,1980,2619,0,0
2026/01/04 03:58:41.525,75.62,345,2619,0,0
2026/01/04 03:58:41.525,71.46,345,2619,0,0
2026/01/04 03:58:41.525,69.32,345,2619,0,0
2026/01/04 03:58:41.525,80.70,345,2619,0,0
2026/01/04 03:58:41.525,71.72,345,2619,0,0
2026/01/04 03:58:41.525,72.84,345,2619,0,0
2026/01/04 03:58:41.525,74.02,345,2619,0,0
2026/01/04 03:58:41.575,89.34,1980,2619,3,0
2026/01/04 03:58:41.575,76.54,345,2619,0,0
2026/01/04 03:58:41.575,71.46,345,2619,0,0
2026/01/04 03:58:41.575,69.32,345,2619,0,0
2026/01/04 03:58:41.575,80.70,345,2619,0,0
2026/01/04 03:58:41.575,71.72,345,2619,0,0
2026/01/04 03:58:41.575,72.84,345,2619,0,0
2026/01/04 03:58:41.575,74.00,345,2619,0,0
2026/01/04 03:58:41.625,93.64,1980,2619,3,0
2026/01/04 03:58:41.625,76.54,1980,2619,0,0
2026/01/04 03:58:41.625,71.46,345,2619,0,0
2026/01/04 03:58:41.625,69.27,345,2619,0,0
2026/01/04 03:58:41.625,80.70,345,2619,0,0
2026/01/04 03:58:41.625,71.73,345,2619,0,0
2026/01/04 03:58:41.625,72.84,345,2619,0,0
2026/01/04 03:58:41.625,74.00,345,2619,0,0
2026/01/04 03:58:41.675,93.64,1980,2619,3,0
2026/01/04 03:58:41.675,80.33,1980,2619,0,0
2026/01/04 03:58:41.675,71.46,345,2619,0,0
2026/01/04 03:58:41.675,69.26,345,2619,0,0
2026/01/04 03:58:41.675,80.70,345,2619,0,0
2026/01/04 03:58:41.675,71.73,345,2619,0,0
2026/01/04 03:58:41.675,72.84,345,2619,0,0
2026/01/04 03:58:41.675,74.03,345,2619,0,0
2026/01/04 03:58:41.725,98.51,1980,2619,3,0
2026/01/04 03:58:41.725,80.33,1980,2619,0,0
2026/01/04 03:58:41.725,71.49,345,2619,0,0
2026/01/04 03:58:41.725,69.26,345,2619,0,0
2026/01/04 03:58:41.725,80.69,345,2619,0,0
2026/01/04 03:58:41.725,71.72,345,2619,0,0
2026/01/04 03:58:41.725,72.84,345,2619,0,0
2026/01/04 03:58:41.725,74.03,345,2619,0,0
2026/01/04 03:58:41.776,98.51,1980,2619,0,0
2026/01/04 03:58:41.776,85.87,1980,2619,0,0
2026/01/04 03:58:41.776,71.49,345,2619,0,0
2026/01/04 03:58:41.776,69.26,345,2619,0,0
2026/01/04 03:58:41.776,80.69,345,2619,0,0
2026/01/04 03:58:41.776,71.72,345,2619,0,0
2026/01/04 03:58:41.776,72.85,345,2619,0,0
2026/01/04 03:58:41.776,74.05,345,2619,0,0
2026/01/04 03:58:41.826,102.22,1980,2619,0,0
2026/01/04 03:58:41.826,85.87,1980,2619,0,0
2026/01/04 03:58:41.826,71.49,345,2619,0,0
2026/01/04 03:58:41.826,69.24,345,2619,0,0
2026/01/04 03:58:41.826,80.67,345,2619,0,0
2026/01/04 03:58:41.826,71.71,345,2619,0,0
2026/01/04 03:58:41.826,72.85,345,2619,0,0
2026/01/04 03:58:41.826,74.05,345,2619,0,0
2026/01/04 03:58:41.876,102.22,1980,2619,0,0
2026/01/04 03:58:41.876,89.64,1980,2619,0,0
2026/01/04 03:58:41.876,71.49,345,2619,0,0
2026/01/04 03:58:41.876,69.24,345,2619,0,0
2026/01/04 03:58:41.876,80.67,345,2619,0,0
2026/01/04 03:58:41.876,71.71,345,2619,0,0
2026/01/04 03:58:41.876,72.85,345,2619,0,0
2026/01/04 03:58:41.876,73.99,345,2619,0,0
2026/01/04 03:58:41.926,107.38,1980,2619,0,0
2026/01/04 03:58:41.926,89.64,1980,2619,0,0
2026/01/04 03:58:41.926,71.48,345,2619,0,0
2026/01/04 03:58:41.926,69.24,345,2619,0,0
2026/01/04 03:58:41.926,80.68,345,2619,0,0
2026/01/04 03:58:41.926,71.70,345,2619,0,0
2026/01/04 03:58:41.926,72.85,345,2619,0,0
2026/01/04 03:58:41.926,73.99,345,2619,0,0
2026/01/04 03:58:41.976,107.38,1980,2619,0,0
2026/01/04 03:58:41.976,95.36,1980,2619,1,0
2026/01/04 03:58:41.976,71.48,345,2619,0,0
2026/01/04 03:58:41.976,69.24,345,2619,0,0
2026/01/04 03:58:41.976,80.68,345,2619,0,0
2026/01/04 03:58:41.976,71.70,345,2619,0,0
2026/01/04 03:58:41.976,72.85,345,2619,0,0
2026/01/04 03:58:41.976,74.01,345,2619,0,0
2026/01/04 03:58:42.027,111.65,1980,2619,0,0
2026/01/04 03:58:42.027,95.36,1980,2619,1,0
2026/01/04 03:58:42.027,73.07,1980,2619,0,0
2026/01/04 03:58:42.027,69.26,345,2619,0,0
2026/01/04 03:58:42.027,80.68,345,2619,0,0
2026/01/04 03:58:42.027,71.72,345,2619,0,0
2026/01/04 03:58:42.027,72.83,345,2619,0,0
2026/01/04 03:58:42.027,74.01,345,2619,0,0
2026/01/04 03:58:42.077,111.65,1980,2619,0,0
2026/01/04 03:58:42.077,99.59,1980,2619,1,0
2026/01/04 03:58:42.077,73.07,1980,2619,0,0
2026/01/04 03:58:42.077,69.26,345,2619,0,0
2026/01/04 03:58:42.077,80.68,345,2619,0,0
2026/01/04 03:58:42.077,71.72,345,2619,0,0
2026/01/04 03:58:42.077,72.83,345,2619,0,0
2026/01/04 03:58:42.077,74.04,345,2619,0,0
2026/01/04 03:58:42.127,112.89,1980,2619,0,0
2026/01/04 03:58:42.127,99.59,1980,2619,1,0
2026/01/04 03:58:42.127,77.19,1980,2619,0,0
2026/01/04 03:58:42.127,69.26,345,2619,0,0
2026/01/04 03:58:42.127,80.68,345,2619,0,0
2026/01/04 03:58:42.127,71.75,345,2619,0,0
2026/01/04 03:58:42.127,72.83,345,2619,0,0
2026/01/04 03:58:42.127,74.04,345,2619,0,0
2026/01/04 03:58:42.177,112.89,1980,2619,0,0
2026/01/04 03:58:42.177,105.36,1980,2619,1,0
2026/01/04 03:58:42.177,77.19,1980,2619,0,0
2026/01/04 03:58:42.177,69.26,345,2619,0,0
2026/01/04 03:58:42.177,80.66,345,2619,0,0
2026/01/04 03:58:42.177,71.75,345,2619,0,0
2026/01/04 03:58:42.177,72.83,345,2619,0,0
2026/01/04 03:58:42.177,74.00,345,2619,0,0
2026/01/04 03:58:42.227,112.96,1980,2619,0,0
2026/01/04 03:58:42.227,105.36,1980,2619,1,0
2026/01/04 03:58:42.227,81.54,1980,2619,0,0
2026/01/04 03:58:42.227,69.26,345,2619,0,0
2026/01/04 03:58:42.227,80.66,345,2619,0,0
2026/01/04 03:58:42.227,71.72,345,2619,0,0
2026/01/04 03:58:42.227,72.82,345,2619,0,0
2026/01/04 03:58:42.227,74.00,345,2619,0,0
2026/01/04 03:58:42.277,112.96,1980,2619,0,0
2026/01/04 03:58:42.277,108.57,1980,2619,1,0
2026/01/04 03:58:42.278,81.54,1980,2619,0,0
2026/01/04 03:58:42.278,69.26,345,2619,0,0
2026/01/04 03:58:42.278,80.66,345,2619,0,0
2026/01/04 03:58:42.278,71.72,345,2619,0,0
2026/01/04 03:58:42.278,72.82,345,2619,0,0
2026/01/04 03:58:42.278,74.03,345,2619,0,0
2026/01/04 03:58:42.328,112.95,1980,2619,0,0
2026/01/04 03:58:42.328,108.57,1980,2619,1,0
2026/01/04 03:58:42.328,85.49,1980,2619,0,0
2026/01/04 03:58:42.328,69.26,345,2619,0,0
2026/01/04 03:58:42.328,80.66,345,2619,0,0
2026/01/04 03:58:42.328,71.74,345,2619,0,0
2026/01/04 03:58:42.328,72.82,345,2619,0,0
2026/01/04 03:58:42.328,74.03,345,2619,0,0
2026/01/04 03:58:42.378,112.95,1980,2619,0,0
2026/01/04 03:58:42.378,115.00,1980,2619,0,0
2026/01/04 03:58:42.378,85.49,1980,2619,0,0
2026/01/04 03:58:42.378,69.26,345,2619,0,0
2026/01/04 03:58:42.378,80.66,345,2619,0,0
2026/01/04 03:58:42.378,71.74,345,2619,0,0
2026/01/04 03:58:42.378,72.82,345,2619,0,0
2026/01/04 03:58:42.378,74.07,345,2619,0,0
2026/01/04 03:58:42.428,112.93,1980,2619,0,0
2026/01/04 03:58:42.428,115.00,1980,2619,0,0
2026/01/04 03:58:42.428,89.66,1980,2619,0,0
2026/01/04 03:58:42.428,69.26,345,2619,0,0
2026/01/04 03:58:42.428,80.66,345,2619,0,0
2026/01/04 03:58:42.428,71.74,345,2619,0,0
2026/01/04 03:58:42.428,72.81,345,2619,0,0
2026/01/04 03:58:42.428,74.07,345,2619,0,0
2026/01/04 03:58:42.478,112.93,1980,2619,0,0
2026/01/04 03:58:42.478,120.79,1980,2619,0,0
2026/01/04 03:58:42.478,89.66,1980,2619,0,0
2026/01/04 03:58:42.478,69.26,345,2619,0,0
2026/01/04 03:58:42.478,80.67,345,2619,0,0
2026/01/04 03:58:42.478,71.74,345,2619,0,0
2026/01/04 03:58:42.478,72.81,345,2619,0,0
2026/01/04 03:58:42.478,74.01,345,2619,0,0
2026/01/04 03:58:42.528,112.93,1980,2619,0,0
2026/01/04 03:58:42.528,120.79,1980,2619,0,0
2026/01/04 03:58:42.528,95.11,1980,2619,2,0
2026/01/04 03:58:42.528,69.27,345,2619,0,0
2026/01/04 03:58:42.528,80.67,345,2619,0,0
2026/01/04 03:58:42.529,71.74,345,2619,0,0
2026/01/04 03:58:42.529,72.81,345,2619,0,0
2026/01/04 03:58:42.529,74.01,345,2619,0,0
2026/01/04 03:58:42.579,112.91,1980,2619,0,0
2026/01/04 03:58:42.579,123.55,1980,2619,0,0
2026/01/04 03:58:42.579,95.11,1980,2619,2,0
2026/01/04 03:58:42.579,69.27,345,2619,0,0
2026/01/04 03:58:42.579,80.68,345,2619,0,0
2026/01/04 03:58:42.579,71.74,345,2619,0,0
2026/01/04 03:58:42.579,72.81,345,2619,0,0
2026/01/04 03:58:42.579,74.01,345,2619,0,0
2026/01/04 03:58:42.629,112.90,1980,2619,0,0
2026/01/04 03:58:42.629,123.55,1980,2619,0,0
2026/01/04 03:58:42.629,99.33,1980,2619,2,0
2026/01/04 03:58:42.629,71.50,1980,2619,0,0
2026/01/04 03:58:42.629,80.68,345,2619,0,0
2026/01/04 03:58:42.629,71.75,345,2619,0,0
2026/01/04 03:58:42.629,72.80,345,2619,0,0
2026/01/04 03:58:42.629,74.01,345,2619,0,0
2026/01/04 03:58:42.679,112.90,1980,2619,0,0
2026/01/04 03:58:42.679,123.78,1980,2619,0,0
2026/01/04 03:58:42.679,99.33,1980,2619,0,0
2026/01/04 03:58:42.679,71.50,1980,2619,0,0
2026/01/04 03:58:42.679,80.68,345,2619,0,0
2026/01/04 03:58:42.679,71.75,345,2619,0,0
2026/01/04 03:58:42.679,72.80,345,2619,0,0
2026/01/04 03:58:42.679,74.01,345,2619,0,0
2026/01/04 03:58:42.729,112.90,1980,2619,0,0
2026/01/04 03:58:42.729,123.78,1980,2619,0,0
2026/01/04 03:58:42.729,102.93,1980,2619,0,0
2026/01/04 03:58:42.729,75.53,1980,2619,0,0
2026/01/04 03:58:42.729,80.68,345,2619,0,0
2026/01/04 03:58:42.729,71.74,345,2619,0,0
2026/01/04 03:58:42.729,72.83,345,2619,0,0
2026/01/04 03:58:42.729,74.04,345,2619,0,0
2026/01/04 03:58:42.779,112.89,1980,2619,0,0
2026/01/04 03:58:42.779,123.81,1980,2619,0,0
2026/01/04 03:58:42.779,102.93,1980,2619,0,0
2026/01/04 03:58:42.779,75.53,1980,2619,0,0
2026/01/04 03:58:42.779,80.68,345,2619,0,0
2026/01/04 03:58:42.779,71.74,345,2619,0,0
2026/01/04 03:58:42.779,72.83,345,2619,0,0
2026/01/04 03:58:42.779,74.04,345,2619,0,0
2026/01/04 03:58:42.829,112.89,1980,2619,0,0
2026/01/04 03:58:42.829,123.81,1980,2619,0,0
2026/01/04 03:58:42.830,107.77,1980,2619,0,0
2026/01/04 03:58:42.830,79.86,1980,2619,0,0
2026/01/04 03:58:42.830,80.68,345,2619,0,0
2026/01/04 03:58:42.830,71.75,345,2619,0,0
2026/01/04 03:58:42.830,72.82,345,2619,0,0
2026/01/04 03:58:42.830,73.98,345,2619,0,0
2026/01/04 03:58:42.880,112.89,1980,2619,0,0
2026/01/04 03:58:42.880,123.82,1980,2619,0,0
2026/01/04 03:58:42.880,107.77,1980,2619,0,0
2026/01/04 03:58:42.880,79.86,1980,2619,0,0
2026/01/04 03:58:42.880,80.69,345,2619,0,0
2026/01/04 03:58:42.880,71.75,345,2619,0,0
2026/01/04 03:58:42.880,72.82,345,2619,0,0
2026/01/04 03:58:42.880,73.98,345,2619,0,0
2026/01/04 03:58:42.930,112.89,1980,2619,0,0
2026/01/04 03:58:42.930,123.82,1980,2619,0,0
2026/01/04 03:58:42.930,112.01,1980,2619,0,0
2026/01/04 03:58:42.930,84.08,1980,2619,0,0
2026/01/04 03:58:42.930,80.69,345,2619,0,0
2026/01/04 03:58:42.930,71.77,345,2619,0,0
2026/01/04 03:58:42.930,72.81,345,2619,0,0
2026/01/04 03:58:42.930,74.02,345,2619,0,0
2026/01/04 03:58:42.980,112.90,1980,2619,0,0
2026/01/04 03:58:42.980,123.77,1980,2619,0,0
2026/01/04 03:58:42.980,112.01,1980,2619,0,0
2026/01/04 03:58:42.980,84.08,1980,2619,0,0
2026/01/04 03:58:42.980,80.69,345,2619,0,0
2026/01/04 03:58:42.980,71.77,345,2619,0,0
2026/01/04 03:58:42.980,72.81,345,2619,0,0
2026/01/04 03:58:42.980,74.02,345,2619,0,0
2026/01/04 03:58:43.030,112.90,1980,2619,0,0
2026/01/04 03:58:43.030,123.77,1980,2619,0,0
2026/01/04 03:58:43.030,113.80,1980,2619,0,0
2026/01/04 03:58:43.030,88.78,1980,2619,0,0
2026/01/04 03:58:43.030,80.69,345,2619,0,0
2026/01/04 03:58:43.030,71.77,345,2619,0,0
2026/01/04 03:58:43.030,72.82,345,2619,0,0
2026/01/04 03:58:43.030,74.02,345,2619,0,0
2026/01/04 03:58:43.080,112.90,1980,2619,0,0
2026/01/04 03:58:43.080,123.79,1980,2619,0,0
2026/01/04 03:58:43.080,113.80,1980,2619,0,0
2026/01/04 03:58:43.080,88.78,1980,2619,0,0
2026/01/04 03:58:43.080,80.69,345,2619,0,0
2026/01/04 03:58:43.080,71.76,345,2619,0,0
2026/01/04 03:58:43.080,72.82,345,2619,0,0
2026/01/04 03:58:43.080,74.02,345,2619,0,0
2026/01/04 03:58:43.131,112.90,1980,2619,0,0
2026/01/04 03:58:43.131,123.79,1980,2619,0,0
2026/01/04 03:58:43.131,113.80,1980,2619,0,0
2026/01/04 03:58:43.131,92.90,1980,2619,0,0
2026/01/04 03:58:43.131,80.69,345,2619,0,0
2026/01/04 03:58:43.131,71.75,345,2619,0,0
2026/01/04 03:58:43.131,72.82,345,2619,0,0
2026/01/04 03:58:43.131,73.99,345,2619,0,0
2026/01/04 03:58:43.181,112.90,1980,2619,0,0
2026/01/04 03:58:43.181,123.80,1980,2619,0,0
2026/01/04 03:58:43.181,113.80,1980,2619,0,0
2026/01/04 03:58:43.181,92.90,1980,2619,0,0
2026/01/04 03:58:43.181,80.69,345,2619,0,0
2026/01/04 03:58:43.181,71.75,345,2619,0,0
2026/01/04 03:58:43.181,72.83,345,2619,0,0
2026/01/04 03:58:43.181,73.99,345,2619,0,0
2026/01/04 03:58:43.231,112.89,1980,2619,0,0
2026/01/04 03:58:43.231,123.80,1980,2619,0,0
2026/01/04 03:58:43.231,113.80,1980,2619,0,0
2026/01/04 03:58:43.231,96.77,1980,2619,0,0
2026/01/04 03:58:43.231,80.69,345,2619,0,0
2026/01/04 03:58:43.231,71.75,345,2619,0,0
2026/01/04 03:58:43.231,72.83,345,2619,0,0
2026/01/04 03:58:43.231,74.01,345,2619,0,0
2026/01/04 03:58:43.281,112.89,1980,2619,0,0
2026/01/04 03:58:43.281,123.81,1980,2619,0,0
2026/01/04 03:58:43.281,113.82,1980,2619,0,0
2026/01/04 03:58:43.281,96.77,1980,2619,0,0
2026/01/04 03:58:43.281,82.34,1980,2619,0,0
2026/01/04 03:58:43.281,71.78,345,2619,0,0
2026/01/04 03:58:43.281,72.83,345,2619,0,0
2026/01/04 03:58:43.281,74.01,345,2619,0,0
2026/01/04 03:58:43.331,112.89,1980,2619,0,0
2026/01/04 03:58:43.331,123.81,1980,2619,0,0
2026/01/04 03:58:43.331,113.82,1980,2619,0,0
2026/01/04 03:58:43.331,101.00,1980,2619,0,0
2026/01/04 03:58:43.331,82.34,1980,2619,0,0
2026/01/04 03:58:43.331,71.78,345,2619,0,0
2026/01/04 03:58:43.331,72.83,345,2619,0,0
2026/01/04 03:58:43.331,74.01,345,2619,0,0
2026/01/04 03:58:43.381,112.91,1980,2619,0,0
2026/01/04 03:58:43.381,123.81,1980,2619,0,0
2026/01/04 03:58:43.381,113.82,1980,2619,0,0
2026/01/04 03:58:43.381,101.00,1980,2619,2,0
2026/01/04 03:58:43.381,86.72,1980,2619,0,0
2026/01/04 03:58:43.381,71.79,345,2619,0,0
2026/01/04 03:58:43.381,72.82,345,2619,0,0
2026/01/04 03:58:43.381,74.01,345,2619,0,0
2026/01/04 03:58:43.432,112.91,1980,2619,0,0
2026/01/04 03:58:43.432,123.81,1980,2619,0,0
2026/01/04 03:58:43.432,113.82,1980,2619,0,0
2026/01/04 03:58:43.432,101.00,1980,2619,2,0
2026/01/04 03:58:43.432,86.72,1980,2619,0,0
2026/01/04 03:58:43.432,71.79,345,2619,0,0
2026/01/04 03:58:43.432,72.84,345,2619,0,0
2026/01/04 03:58:43.432,73.99,345,2619,0,0
2026/01/04 03:58:43.482,112.92,1980,2619,0,0
2026/01/04 03:58:43.482,123.81,1980,2619,0,0
2026/01/04 03:58:43.482,113.82,1980,2619,0,0
2026/01/04 03:58:43.482,105.35,1980,2619,2,0
2026/01/04 03:58:43.482,91.12,1980,2619,0,0
2026/01/04 03:58:43.482,71.77,345,2619,0,0
2026/01/04 03:58:43.482,72.84,345,2619,0,0
2026/01/04 03:58:43.482,73.99,345,2619,0,0
2026/01/04 03:58:43.532,112.92,1980,2619,0,0
2026/01/04 03:58:43.532,123.81,1980,2619,0,0
2026/01/04 03:58:43.532,113.82,1980,2619,0,0
2026/01/04 03:58:43.532,105.35,1980,2619,2,0
2026/01/04 03:58:43.532,91.12,1980,2619,0,0
2026/01/04 03:58:43.532,71.77,345,2619,0,0
2026/01/04 03:58:43.532,72.84,345,2619,0,0
2026/01/04 03:58:43.532,74.03,345,2619,0,0
2026/01/04 03:58:43.582,112.91,1980,2619,0,0
2026/01/04 03:58:43.582,123.81,1980,2619,0,0
2026/01/04 03:58:43.582,113.85,1980,2619,0,0
2026/01/04 03:58:43.582,109.50,1980,2619,0,0
2026/01/04 03:58:43.582,96.39,1980,2619,0,0
2026/01/04 03:58:43.582,71.77,345,2619,0,0
2026/01/04 03:58:43.582,72.84,345,2619,0,0
2026/01/04 03:58:43.582,74.03,345,2619,0,0
2026/01/04 03:58:43.632,112.91,1980,2619,0,0
2026/01/04 03:58:43.632,123.81,1980,2619,0,0
2026/01/04 03:58:43.632,113.86,1980,2619,0,0
2026/01/04 03:58:43.632,111.49,1980,2619,0,0
2026/01/04 03:58:43.632,96.39,1980,2619,2,0
2026/01/04 03:58:43.632,71.77,1980,2619,0,0
2026/01/04 03:58:43.632,72.84,345,2619,0,0
2026/01/04 03:58:43.632,74.04,345,2619,0,0
2026/01/04 03:58:43.682,112.92,1980,2619,0,0
2026/01/04 03:58:43.683,123.81,1980,2619,0,0
2026/01/04 03:58:43.683,113.86,1980,2619,0,0
2026/01/04 03:58:43.683,111.49,1980,2619,0,0
2026/01/04 03:58:43.683,100.36,1980,2619,2,0
2026/01/04 03:58:43.683,75.12,1980,2619,0,0
2026/01/04 03:58:43.683,72.85,345,2619,0,0
2026/01/04 03:58:43.683,74.04,345,2619,0,0
2026/01/04 03:58:43.733,112.92,1980,2619,0,0
2026/01/04 03:58:43.733,123.83,1980,2619,0,0
2026/01/04 03:58:43.733,113.86,1980,2619,0,0
2026/01/04 03:58:43.733,111.56,1980,2619,0,0
2026/01/04 03:58:43.733,100.36,1980,2619,2,0
2026/01/04 03:58:43.733,75.12,1980,2619,0,0
2026/01/04 03:58:43.733,72.85,345,2619,0,0
2026/01/04 03:58:43.733,74.03,345,2619,0,0
2026/01/04 03:58:43.783,112.94,1980,2619,0,0
2026/01/04 03:58:43.783,123.85,1980,2619,0,0
2026/01/04 03:58:43.783,113.86,1980,2619,0,0
2026/01/04 03:58:43.783,111.56,1980,2619,0,0
2026/01/04 03:58:43.783,105.11,1980,2619,2,0
2026/01/04 03:58:43.783,79.42,1980,2619,0,0
2026/01/04 03:58:43.783,72.84,345,2619,0,0
2026/01/04 03:58:43.783,74.03,345,2619,0,0
2026/01/04 03:58:43.833,112.94,1980,2619,0,0
2026/01/04 03:58:43.833,123.85,1980,2619,0,0
2026/01/04 03:58:43.833,113.86,1980,2619,0,0
2026/01/04 03:58:43.833,111.56,1980,2619,0,0
2026/01/04 03:58:43.833,105.11,1980,2619,0,0
2026/01/04 03:58:43.833,79.42,1980,2619,0,0
2026/01/04 03:58:43.833,72.84,345,2619,0,0
2026/01/04 03:58:43.833,74.06,345,2619,0,0
2026/01/04 03:58:43.883,112.94,1980,2619,0,0
2026/01/04 03:58:43.883,123.85,1980,2619,0,0
2026/01/04 03:58:43.883,113.90,1980,2619,0,0
2026/01/04 03:58:43.883,111.56,1980,2619,0,0
2026/01/04 03:58:43.883,108.92,1980,2619,0,0
2026/01/04 03:58:43.883,83.76,1980,2619,0,0
2026/01/04 03:58:43.883,72.84,345,2619,0,0
2026/01/04 03:58:43.883,74.06,345,2619,0,0
2026/01/04 03:58:43.933,112.94,1980,2619,0,0
2026/01/04 03:58:43.933,123.86,1980,2619,0,0
2026/01/04 03:58:43.933,113.90,1980,2619,0,0
2026/01/04 03:58:43.933,111.56,1980,2619,0,0
2026/01/04 03:58:43.933,108.92,1980,2619,0,0
2026/01/04 03:58:43.933,83.76,1980,2619,0,0
2026/01/04 03:58:43.933,72.84,1980,2619,0,0
2026/01/04 03:58:43.933,74.06,345,2619,0,0
2026/01/04 03:58:43.984,112.95,1980,2619,0,0
2026/01/04 03:58:43.984,123.88,1980,2619,0,0
2026/01/04 03:58:43.984,113.92,1980,2619,0,0
2026/01/04 03:58:43.984,111.54,1980,2619,0,0
2026/01/04 03:58:43.984,113.84,1980,2619,0,0
2026/01/04 03:58:43.984,88.58,1980,2619,0,0
2026/01/04 03:58:43.984,76.69,1980,2619,0,0
2026/01/04 03:58:43.984,74.06,345,2619,0,0
2026/01/04 03:58:44.034,112.95,1980,2619,0,0
2026/01/04 03:58:44.034,123.88,1980,2619,0,0
2026/01/04 03:58:44.034,113.92,1980,2619,0,0
2026/01/04 03:58:44.034,111.53,1980,2619,0,0
2026/01/04 03:58:44.034,113.84,1980,2619,0,0
2026/01/04 03:58:44.034,88.58,1980,2619,0,0
2026/01/04 03:58:44.034,76.69,1980,2619,0,0
2026/01/04 03:58:44.034,74.04,345,2619,0,0
2026/01/04 03:58:44.084,112.95,1980,2619,0,0
2026/01/04 03:58:44.084,123.89,1980,2619,0,0
2026/01/04 03:58:44.084,113.92,1980,2619,0,0
2026/01/04 03:58:44.084,111.53,1980,2619,0,0
2026/01/04 03:58:44.084,117.50,1980,2619,0,0
2026/01/04 03:58:44.084,92.37,1980,2619,2,0
2026/01/04 03:58:44.084,80.98,1980,2619,0,0
2026/01/04 03:58:44.084,74.04,345,2619,0,0
2026/01/04 03:58:44.134,112.95,1980,2619,0,0
2026/01/04 03:58:44.134,123.89,1980,2619,0,0
2026/01/04 03:58:44.134,113.92,1980,2619,0,0
2026/01/04 03:58:44.134,111.53,1980,2619,0,0
2026/01/04 03:58:44.134,117.50,1980,2619,0,0
2026/01/04 03:58:44.134,92.37,1980,2619,2,0
2026/01/04 03:58:44.134,80.98,1980,2619,0,0
2026/01/04 03:58:44.134,74.04,345,2619,0,0
2026/01/04 03:58:44.184,112.94,1980,2619,0,0
2026/01/04 03:58:44.184,123.89,1980,2619,0,0
2026/01/04 03:58:44.184,113.94,1980,2619,0,0
2026/01/04 03:58:44.184,111.56,1980,2619,0,0
2026/01/04 03:58:44.184,122.59,1980,2619,0,0
2026/01/04 03:58:44.184,96.64,1980,2619,2,0
2026/01/04 03:58:44.184,85.33,1980,2619,0,0
2026/01/04 03:58:44.184,74.08,345,2619,0,0
2026/01/04 03:58:44.234,112.94,1980,2619,0,0
2026/01/04 03:58:44.234,123.87,1980,2619,0,0
2026/01/04 03:58:44.234,113.94,1980,2619,0,0
2026/01/04 03:58:44.234,111.56,1980,2619,0,0
2026/01/04 03:58:44.234,122.59,1980,2619,0,0
2026/01/04 03:58:44.234,96.64,1980,2619,2,0
2026/01/04 03:58:44.234,85.33,1980,2619,0,0
2026/01/04 03:58:44.235,74.08,345,2619,0,0
2026/01/04 03:58:44.285,112.95,1980,2619,0,0
2026/01/04 03:58:44.285,123.87,1980,2619,0,0
2026/01/04 03:58:44.285,113.95,1980,2619,0,0
2026/01/04 03:58:44.285,111.54,1980,2619,0,0
2026/01/04 03:58:44.285,122.59,1980,2619,0,0
2026/01/04 03:58:44.285,101.20,1980,2619,0,0
2026/01/04 03:58:44.285,89.70,1980,2619,0,0
2026/01/04 03:58:44.285,74.09,345,2619,0,0
2026/01/04 03:58:44.335,112.95,1980,2619,0,0
2026/01/04 03:58:44.335,123.88,1980,2619,0,0
2026/01/04 03:58:44.335,113.95,1980,2619,0,0
2026/01/04 03:58:44.335,111.53,1980,2619,0,0
2026/01/04 03:58:44.335,124.40,1980,2619,0,0
2026/01/04 03:58:44.335,101.20,1980,2619,0,0
2026/01/04 03:58:44.335,89.70,1980,2619,0,0
2026/01/04 03:58:44.335,74.09,345,2619,0,0
2026/01/04 03:58:44.385,112.95,1980,2619,0,0
2026/01/04 03:58:44.385,123.88,1980,2619,0,0
2026/01/04 03:58:44.385,113.95,1980,2619,0,0
2026/01/04 03:58:44.385,111.53,1980,2619,0,0
2026/01/04 03:58:44.385,124.38,1980,2619,0,0
2026/01/04 03:58:44.385,106.10,1980,2619,0,0
2026/01/04 03:58:44.385,94.06,1980,2619,0,0
2026/01/04 03:58:44.385,74.60,345,2619,0,0
2026/01/04 03:58:44.435,112.95,1980,2619,0,0
2026/01/04 03:58:44.435,123.88,1980,2619,0,0
2026/01/04 03:58:44.435,113.95,1980,2619,0,0
2026/01/04 03:58:44.435,111.50,1980,2619,0,0
2026/01/04 03:58:44.435,124.38,1980,2619,0,0
2026/01/04 03:58:44.435,106.10,1980,2619,0,0
2026/01/04 03:58:44.435,94.06,1980,2619,2,0
2026/01/04 03:58:44.435,74.60,1980,2619,0,0
2026/01/04 03:58:44.485,112.95,1980,2619,0,0
2026/01/04 03:58:44.485,123.88,1980,2619,0,0
2026/01/04 03:58:44.485,113.94,1980,2619,0,0
2026/01/04 03:58:44.485,111.50,1980,2619,0,0
2026/01/04 03:58:44.485,124.35,1980,2619,0,0
2026/01/04 03:58:44.485,110.38,1980,2619,0,0
2026/01/04 03:58:44.485,98.39,1980,2619,2,0
2026/01/04 03:58:44.485,79.33,1980,2619,0,0
2026/01/04 03:58:44.536,112.95,1980,2619,0,0
2026/01/04 03:58:44.536,123.88,1980,2619,0,0
2026/01/04 03:58:44.536,113.94,1980,2619,0,0
2026/01/04 03:58:44.536,111.50,1980,2619,0,0
2026/01/04 03:58:44.536,124.35,1980,2619,0,0
2026/01/04 03:58:44.536,110.38,1980,2619,0,0
2026/01/04 03:58:44.536,98.39,1980,2619,2,0
2026/01/04 03:58:44.536,79.33,1980,2619,0,0
2026/01/04 03:58:44.586,112.95,1980,2619,0,0
2026/01/04 03:58:44.586,123.88,1980,2619,0,0
2026/01/04 03:58:44.586,113.93,1980,2619,0,0
2026/01/04 03:58:44.586,111.50,1980,2619,0,0
2026/01/04 03:58:44.586,124.35,1980,2619,0,0
2026/01/04 03:58:44.586,114.58,1980,2619,0,0
2026/01/04 03:58:44.586,103.34,1980,2619,2,0
2026/01/04 03:58:44.586,84.17,1980,2619,0,0
2026/01/04 03:58:44.636,112.95,1980,2619,0,0
2026/01/04 03:58:44.636,123.87,1980,2619,0,0
2026/01/04 03:58:44.636,113.93,1980,2619,0,0
2026/01/04 03:58:44.636,111.50,1980,2619,0,0
2026/01/04 03:58:44.636,124.32,1980,2619,0,0
2026/01/04 03:58:44.636,114.58,1980,2619,0,0
2026/01/04 03:58:44.636,103.34,1980,2619,0,0
2026/01/04 03:58:44.636,84.17,1980,2619,0,0
2026/01/04 03:58:44.686,112.99,1980,2619,0,0
2026/01/04 03:58:44.686,123.87,1980,2619,0,0
2026/01/04 03:58:44.686,113.93,1980,2619,0,0
2026/01/04 03:58:44.686,111.51,1980,2619,0,0
2026/01/04 03:58:44.686,124.32,1980,2619,0,0
2026/01/04 03:58:44.686,114.77,1980,2619,0,0
2026/01/04 03:58:44.686,107.11,1980,2619,0,0
2026/01/04 03:58:44.686,89.28,1980,2619,0,0
2026/01/04 03:58:44.736,112.99,1980,2619,0,0
2026/01/04 03:58:44.736,123.87,1980,2619,0,0
2026/01/04 03:58:44.736,113.93,1980,2619,0,0
2026/01/04 03:58:44.736,111.51,1980,2619,0,0
2026/01/04 03:58:44.736,124.33,1980,2619,0,0
2026/01/04 03:58:44.736,114.77,1980,2619,0,0
2026/01/04 03:58:44.736,107.11,1980,2619,0,0
2026/01/04 03:58:44.736,89.28,1980,2619,0,0
2026/01/04 03:58:44.786,113.04,1980,2619,0,0
2026/01/04 03:58:44.786,123.87,1980,2619,0,0
2026/01/04 03:58:44.786,113.94,1980,2619,0,0
2026/01/04 03:58:44.786,111.50,1980,2619,0,0
2026/01/04 03:58:44.787,124.33,1980,2619,0,0
2026/01/04 03:58:44.787,114.73,1980,2619,0,0
2026/01/04 03:58:44.787,112.19,1980,2619,0,0
2026/01/04 03:58:44.787,94.82,1980,2619,2,0
2026/01/04 03:58:44.837,113.04,1980,2619,7,0
2026/01/04 03:58:44.837,123.88,1980,2619,0,0
2026/01/04 03:58:44.837,113.94,1980,2619,0,0
2026/01/04 03:58:44.837,111.50,1980,2619,0,0
2026/01/04 03:58:44.837,124.33,1980,2619,0,0
2026/01/04 03:58:44.837,114.73,1980,2619,0,0
2026/01/04 03:58:44.837,112.19,1980,2619,0,0
2026/01/04 03:58:44.837,94.82,1980,2619,2,0
2026/01/04 03:58:44.887,113.08,1980,2619,7,0
2026/01/04 03:58:44.887,123.88,1980,2619,0,0
2026/01/04 03:58:44.887,113.92,1980,2619,0,0
2026/01/04 03:58:44.887,111.52,1980,2619,0,0
2026/01/04 03:58:44.887,124.33,1980,2619,0,0
2026/01/04 03:58:44.887,114.73,1980,2619,0,0
2026/01/04 03:58:44.887,116.64,1980,2619,0,0
2026/01/04 03:58:44.887,99.18,1980,2619,2,0
2026/01/04 03:58:44.937,113.08,1980,2619,5,0
2026/01/04 03:58:44.937,123.88,1980,2619,0,0
2026/01/04 03:58:44.937,113.92,1980,2619,0,0
2026/01/04 03:58:44.937,111.52,1980,2619,0,0
2026/01/04 03:58:44.937,124.35,1980,2619,0,0
2026/01/04 03:58:44.937,114.73,1980,2619,0,0
2026/01/04 03:58:44.937,116.64,1980,2619,0,0
2026/01/04 03:58:44.937,99.18,1980,2619,2,0
2026/01/04 03:58:44.987,113.11,1980,2619,5,0
2026/01/04 03:58:44.987,123.88,1980,2619,0,0
2026/01/04 03:58:44.987,113.96,1980,2619,0,0
2026/01/04 03:58:44.987,111.54,1980,2619,0,0
2026/01/04 03:58:44.987,124.35,1980,2619,0,0
2026/01/04 03:58:44.987,114.70,1980,2619,0,0
2026/01/04 03:58:44.987,117.23,1980,2619,0,0
2026/01/04 03:58:44.987,103.54,1980,2619,0,0
2026/01/04 03:58:45.037,113.11,1980,2619,5,0
2026/01/04 03:58:45.037,123.89,1980,2619,0,0
2026/01/04 03:58:45.037,113.96,1980,2619,0,0
2026/01/04 03:58:45.037,111.54,1980,2619,0,0
2026/01/04 03:58:45.037,124.36,1980,2619,0,0
2026/01/04 03:58:45.037,114.70,1980,2619,0,0
2026/01/04 03:58:45.037,117.23,1980,2619,0,0
2026/01/04 03:58:45.037,103.54,1980,2619,0,0
2026/01/04 03:58:45.087,113.11,1980,2619,5,0
2026/01/04 03:58:45.087,123.89,1980,2619,0,0
2026/01/04 03:58:45.087,114.05,1980,2619,9,0
2026/01/04 03:58:45.088,111.53,1980,2619,0,0
2026/01/04 03:58:45.088,124.36,1980,2619,0,0
2026/01/04 03:58:45.088,114.70,1980,2619,0,0
2026/01/04 03:58:45.088,117.19,1980,2619,0,0
2026/01/04 03:58:45.088,109.05,1980,2619,0,0
2026/01/04 03:58:45.138,113.11,1980,2619,5,0
2026/01/04 03:58:45.138,123.89,1980,2619,0,0
2026/01/04 03:58:45.138,114.05,1980,2619,9,0
2026/01/04 03:58:45.138,111.53,1980,2619,0,0
2026/01/04 03:58:45.138,124.35,1980,2619,0,0
2026/01/04 03:58:45.138,114.70,1980,2619,0,0
2026/01/04 03:58:45.138,117.19,1980,2619,0,0
2026/01/04 03:58:45.138,109.05,1980,2619,0,0
2026/01/04 03:58:45.188,113.11,1980,2619,5,0
2026/01/04 03:58:45.188,123.89,1980,2619,0,0
2026/01/04 03:58:45.188,114.08,1980,2619,9,0
2026/01/04 03:58:45.188,111.54,1980,2619,1,0
2026/01/04 03:58:45.188,124.35,1980,2619,0,0
2026/01/04 03:58:45.188,114.69,1980,2619,0,0
2026/01/04 03:58:45.188,117.17,1980,2619,0,0
2026/01/04 03:58:45.188,113.99,1980,2619,0,0
2026/01/04 03:58:45.238,113.11,1980,2619,0,0
2026/01/04 03:58:45.238,123.90,1980,2619,0,0
2026/01/04 03:58:45.238,114.08,1980,2619,9,0
2026/01/04 03:58:45.238,111.54,1980,2619,1,0
2026/01/04 03:58:45.238,124.35,1980,2619,0,0
2026/01/04 03:58:45.238,114.69,1980,2619,0,0
2026/01/04 03:58:45.238,117.17,1980,2619,0,0
2026/01/04 03:58:45.238,113.99,1980,2619,0,0
2026/01/04 03:58:45.288,113.11,1980,2619,0,0
2026/01/04 03:58:45.288,123.90,1980,2619,0,0
2026/01/04 03:58:45.288,114.05,1980,2619,4,0
2026/01/04 03:58:45.288,111.64,1980,2619,1,0
2026/01/04 03:58:45.288,124.35,1980,2619,0,0
2026/01/04 03:58:45.288,114.68,1980,2619,0,0
2026/01/04 03:58:45.288,117.15,1980,2619,0,0
2026/01/04 03:58:45.288,118.09,1980,2619,0,0
2026/01/04 03:58:45.338,113.11,1980,2619,0,0
2026/01/04 03:58:45.338,123.91,1980,2619,0,0
2026/01/04 03:58:45.338,114.05,1980,2619,4,0
2026/01/04 03:58:45.338,111.64,1980,2619,1,0
2026/01/04 03:58:45.338,124.40,1980,2619,0,0
2026/01/04 03:58:45.338,114.68,1980,2619,0,0
2026/01/04 03:58:45.338,117.15,1980,2619,0,0
2026/01/04 03:58:45.338,118.09,1980,2619,0,0
2026/01/04 03:58:45.389,113.11,1980,2619,0,0
2026/01/04 03:58:45.389,123.91,1980,2619,0,0
2026/01/04 03:58:45.389,114.03,1980,2619,4,0
2026/01/04 03:58:45.389,111.72,1980,2619,11,0
2026/01/04 03:58:45.389,124.40,1980,2619,0,0
2026/01/04 03:58:45.389,114.69,1980,2619,0,0
2026/01/04 03:58:45.389,117.15,1980,2619,0,0
2026/01/04 03:58:45.389,123.35,1980,2619,0,0
2026/01/04 03:58:45.439,113.11,1980,2619,0,0
2026/01/04 03:58:45.439,123.90,1980,2619,0,0
2026/01/04 03:58:45.439,114.03,1980,2619,4,0
2026/01/04 03:58:45.439,111.72,1980,2619,11,0
2026/01/04 03:58:45.439,124.42,1980,2619,0,0
2026/01/04 03:58:45.439,114.69,1980,2619,0,0
2026/01/04 03:58:45.439,117.13,1980,2619,0,0
2026/01/04 03:58:45.439,123.35,1980,2619,0,0
2026/01/04 03:58:45.489,113.09,1980,2619,0,0
2026/01/04 03:58:45.489,123.90,1980,2619,0,0
2026/01/04 03:58:45.489,114.03,1980,2619,4,0
2026/01/04 03:58:45.489,111.83,1980,2619,11,0
2026/01/04 03:58:45.489,124.42,1980,2619,0,0
2026/01/04 03:58:45.489,114.67,1980,2619,0,0
2026/01/04 03:58:45.489,117.13,1980,2619,0,0
2026/01/04 03:58:45.489,123.50,1980,2619,0,0
2026/01/04 03:58:45.539,113.09,1980,2619,0,0
2026/01/04 03:58:45.539,123.93,1980,2619,0,0
2026/01/04 03:58:45.539,114.03,1980,2619,0,0
2026/01/04 03:58:45.539,111.83,1980,2619,11,0
2026/01/04 03:58:45.539,124.43,1980,2619,0,0
2026/01/04 03:58:45.539,114.67,1980,2619,0,0
2026/01/04 03:58:45.539,117.12,1980,2619,0,0
2026/01/04 03:58:45.539,123.50,1980,2619,0,0
2026/01/04 03:58:45.589,113.09,1980,2619,0,0
2026/01/04 03:58:45.589,123.93,1980,2619,0,0
2026/01/04 03:58:45.589,114.02,1980,2619,0,0
2026/01/04 03:58:45.589,111.88,1980,2619,10,0
2026/01/04 03:58:45.589,124.43,1980,2619,0,0
2026/01/04 03:58:45.589,114.67,1980,2619,0,0
2026/01/04 03:58:45.589,117.13,1980,2619,0,0
2026/01/04 03:58:45.589,123.51,1980,2619,0,0
2026/01/04 03:58:45.639,113.10,1980,2619,0,0
2026/01/04 03:58:45.639,123.93,1980,2619,0,0
2026/01/04 03:58:45.639,114.02,1980,2619,0,0
2026/01/04 03:58:45.639,111.88,1980,2619,10,0
2026/01/04 03:58:45.639,124.50,1980,2619,5,0
2026/01/04 03:58:45.639,114.67,1980,2619,0,0
2026/01/04 03:58:45.639,117.13,1980,2619,0,0
2026/01/04 03:58:45.640,123.51,1980,2619,0,0
2026/01/04 03:58:45.690,113.10,1980,2619,0,0
2026/01/04 03:58:45.690,123.93,1980,2619,0,0
2026/01/04 03:58:45.690,114.02,1980,2619,0,0
2026/01/04 03:58:45.690,111.88,1980,2619,10,0
2026/01/04 03:58:45.690,124.50,1980,2619,5,0
2026/01/04 03:58:45.690,114.67,1980,2619,0,0
2026/01/04 03:58:45.690,117.11,1980,2619,0,0
2026/01/04 03:58:45.690,123.52,1980,2619,0,0
2026/01/04 03:58:45.740,113.05,1980,2619,4,0
2026/01/04 03:58:45.740,123.93,1980,2619,0,0
2026/01/04 03:58:45.740,114.04,1980,2619,0,0
2026/01/04 03:58:45.740,111.88,1980,2619,10,0
2026/01/04 03:58:45.740,124.57,1980,2619,5,0
2026/01/04 03:58:45.740,114.67,1980,2619,0,0
2026/01/04 03:58:45.740,117.11,1980,2619,0,0
2026/01/04 03:58:45.740,123.52,1980,2619,0,0
2026/01/04 03:58:45.790,113.05,1980,2619,4,0
2026/01/04 03:58:45.790,123.93,1980,2619,0,0
2026/01/04 03:58:45.790,114.05,1980,2619,0,0
2026/01/04 03:58:45.790,111.88,1980,2619,0,0
2026/01/04 03:58:45.790,124.57,1980,2619,5,0
2026/01/04 03:58:45.790,114.67,1980,2619,0,0
2026/01/04 03:58:45.790,117.11,1980,2619,0,0
2026/01/04 03:58:45.790,123.54,1980,2619,0,0
2026/01/04 03:58:45.840,113.07,1980,2619,4,0
2026/01/04 03:58:45.840,123.93,1980,2619,0,0
2026/01/04 03:58:45.840,114.05,1980,2619,0,0
2026/01/04 03:58:45.840,111.88,1980,2619,0,0
2026/01/04 03:58:45.840,124.64,1980,2619,5,0
2026/01/04 03:58:45.840,114.66,1980,2619,0,0
2026/01/04 03:58:45.840,117.10,1980,2619,0,0
2026/01/04 03:58:45.840,123.54,1980,2619,0,0
2026/01/04 03:58:45.890,113.07,1980,2619,4,0
2026/01/04 03:58:45.890,123.93,1980,2619,0,0
2026/01/04 03:58:45.890,114.05,1980,2619,0,0
2026/01/04 03:58:45.890,111.87,1980,2619,0,0
2026/01/04 03:58:45.890,124.64,1980,2619,8,0
2026/01/04 03:58:45.890,114.67,1980,2619,0,0
2026/01/04 03:58:45.890,117.12,1980,2619,0,0
2026/01/04 03:58:45.890,123.59,1980,2619,0,0
2026/01/04 03:58:45.941,112.98,1980,2619,1,0
2026/01/04 03:58:45.941,123.95,1980,2619,0,0
2026/01/04 03:58:45.941,114.04,1980,2619,0,0
2026/01/04 03:58:45.941,111.87,1980,2619,0,0
2026/01/04 03:58:45.941,124.73,1980,2619,8,0
2026/01/04 03:58:45.941,114.67,1980,2619,0,0
2026/01/04 03:58:45.941,117.12,1980,2619,0,0
2026/01/04 03:58:45.941,123.59,1980,2619,0,0
2026/01/04 03:58:45.991,112.99,1980,2619,1,0
2026/01/04 03:58:45.991,123.95,1980,2619,0,0
2026/01/04 03:58:45.991,113.99,1980,2619,0,0
2026/01/04 03:58:45.991,111.88,1980,2619,0,0
2026/01/04 03:58:45.991,124.73,1980,2619,8,0
2026/01/04 03:58:45.991,114.67,1980,2619,0,0
2026/01/04 03:58:45.991,117.11,1980,2619,0,0
2026/01/04 03:58:45.991,123.57,1980,2619,0,0
2026/01/04 03:58:46.041,112.99,1980,2619,1,0
2026/01/04 03:58:46.041,123.92,1980,2619,0,0
2026/01/04 03:58:46.041,113.99,1980,2619,0,0
2026/01/04 03:58:46.041,111.88,1980,2619,0,0
2026/01/04 03:58:46.041,124.76,1980,2619,8,0
2026/01/04 03:58:46.041,114.72,1980,2619,4,0
2026/01/04 03:58:46.041,117.11,1980,2619,0,0
2026/01/04 03:58:46.041,123.57,1980,2619,0,0
2026/01/04 03:58:46.091,112.99,1980,2619,1,0
2026/01/04 03:58:46.091,123.92,1980,2619,0,0
2026/01/04 03:58:46.091,113.99,1980,2619,0,0
2026/01/04 03:58:46.091,111.89,1980,2619,0,0
2026/01/04 03:58:46.091,124.76,1980,2619,8,0
2026/01/04 03:58:46.091,114.72,1980,2619,4,0
2026/01/04 03:58:46.091,117.13,1980,2619,0,0
2026/01/04 03:58:46.091,123.57,1980,2619,0,0
2026/01/04 03:58:46.141,113.00,1980,2619,0,0
2026/01/04 03:58:46.141,124.04,1980,2619,0,0
2026/01/04 03:58:46.141,113.92,1980,2619,0,0
2026/01/04 03:58:46.141,111.89,1980,2619,0,0
2026/01/04 03:58:46.141,124.77,1980,2619,8,0
2026/01/04 03:58:46.141,114.72,1980,2619,4,0
2026/01/04 03:58:46.141,117.13,1980,2619,0,0
2026/01/04 03:58:46.141,123.59,1980,2619,0,0
2026/01/04 03:58:46.191,113.00,1980,2619,0,0
2026/01/04 03:58:46.191,124.04,1980,2619,7,0
2026/01/04 03:58:46.191,113.90,1980,2619,0,0
2026/01/04 03:58:46.191,111.82,1980,2619,0,0
2026/01/04 03:58:46.191,124.77,1980,2619,8,0
2026/01/04 03:58:46.191,114.73,1980,2619,4,0
2026/01/04 03:58:46.191,117.13,1980,2619,0,0
2026/01/04 03:58:46.191,123.63,1980,2619,0,0
2026/01/04 03:58:46.242,112.99,1980,2619,0,0
2026/01/04 03:58:46.242,124.04,1980,2619,7,0
2026/01/04 03:58:46.242,113.90,1980,2619,0,0
2026/01/04 03:58:46.242,111.82,1980,2619,0,0
2026/01/04 03:58:46.242,124.77,1980,2619,0,0
2026/01/04 03:58:46.242,114.73,1980,2619,0,0
2026/01/04 03:58:46.242,117.15,1980,2619,0,0
2026/01/04 03:58:46.242,123.63,1980,2619,0,0
2026/01/04 03:58:46.292,112.99,1980,2619,0,0
2026/01/04 03:58:46.292,124.04,1980,2619,7,0
2026/01/04 03:58:46.292,113.90,1980,2619,0,0
2026/01/04 03:58:46.292,111.77,1980,2619,0,0
2026/01/04 03:58:46.292,124.77,1980,2619,0,0
2026/01/04 03:58:46.292,114.73,1980,2619,0,0
2026/01/04 03:58:46.292,117.15,1980,2619,0,0
2026/01/04 03:58:46.292,123.62,1980,2619,0,0
2026/01/04 03:58:46.342,112.99,1980,2619,0,0
2026/01/04 03:58:46.342,124.06,1980,2619,7,0
2026/01/04 03:58:46.342,113.91,1980,2619,0,0
2026/01/04 03:58:46.342,111.77,1980,2619,0,0
2026/01/04 03:58:46.342,124.77,1980,2619,0,0
2026/01/04 03:58:46.342,114.73,1980,2619,0,0
2026/01/04 03:58:46.342,117.16,1980,2619,0,0
2026/01/04 03:58:46.342,123.62,1980,2619,0,0
2026/01/04 03:58:46.392,112.99,1980,2619,0,0
2026/01/04 03:58:46.392,124.06,1980,2619,1,0
2026/01/04 03:58:46.392,113.91,1980,2619,0,0
2026/01/04 03:58:46.392,111.66,1980,2619,0,0
2026/01/04 03:58:46.392,124.77,1980,2619,0,0
2026/01/04 03:58:46.392,114.73,1980,2619,0,0
2026/01/04 03:58:46.392,117.16,1980,2619,0,0
2026/01/04 03:58:46.392,123.64,1980,2619,0,0
2026/01/04 03:58:46.442,113.00,1980,2619,0,0
2026/01/04 03:58:46.442,124.12,1980,2619,1,0
2026/01/04 03:58:46.442,113.95,1980,2619,0,0
2026/01/04 03:58:46.442,111.66,1980,2619,0,0
2026/01/04 03:58:46.442,124.77,1980,2619,0,0
2026/01/04 03:58:46.443,114.74,1980,2619,0,0
2026/01/04 03:58:46.443,117.17,1980,2619,0,0
2026/01/04 03:58:46.443,123.64,1980,2619,0,0
2026/01/04 03:58:46.493,113.00,1980,2619,0,0
2026/01/04 03:58:46.493,124.12,1980,2619,1,0
2026/01/04 03:58:46.493,113.95,1980,2619,0,0
2026/01/04 03:58:46.493,111.59,1980,2619,0,0
2026/01/04 03:58:46.493,124.77,1980,2619,0,0
2026/01/04 03:58:46.493,114.74,1980,2619,0,0
2026/01/04 03:58:46.493,117.17,1980,2619,0,0
2026/01/04 03:58:46.493,123.68,1980,2619,0,0
2026/01/04 03:58:46.543,112.98,1980,2619,0,0
2026/01/04 03:58:46.543,124.21,1980,2619,1,0
2026/01/04 03:58:46.543,113.98,1980,2619,0,0
2026/01/04 03:58:46.543,111.59,1980,2619,0,0
2026/01/04 03:58:46.543,124.76,1980,2619,0,0
2026/01/04 03:58:46.543,114.75,1980,2619,0,0
2026/01/04 03:58:46.543,117.17,1980,2619,0,0
2026/01/04 03:58:46.543,123.68,1980,2619,0,0
2026/01/04 03:58:46.593,112.98,1980,2619,0,0
2026/01/04 03:58:46.593,124.21,1980,2619,10,0
2026/01/04 03:58:46.593,113.98,1980,2619,0,0
2026/01/04 03:58:46.593,111.53,1980,2619,0,0
2026/01/04 03:58:46.593,124.76,1980,2619,0,0
2026/01/04 03:58:46.593,114.75,1980,2619,0,0
2026/01/04 03:58:46.593,117.17,1980,2619,0,0
2026/01/04 03:58:46.593,123.68,1980,2619,0,0
2026/01/04 03:58:46.643,112.98,1980,2619,0,0
2026/01/04 03:58:46.643,124.29,1980,2619,10,0
2026/01/04 03:58:46.643,114.01,1980,2619,0,0
2026/01/04 03:58:46.643,111.53,1980,2619,0,0
2026/01/04 03:58:46.643,124.71,1980,2619,0,0
2026/01/04 03:58:46.643,114.75,1980,2619,0,0
2026/01/04 03:58:46.643,117.18,1980,2619,0,0
2026/01/04 03:58:46.643,123.64,1980,2619,0,0
2026/01/04 03:58:46.693,112.98,1980,2619,0,0
2026/01/04 03:58:46.693,124.29,1980,2619,10,0
2026/01/04 03:58:46.693,114.01,1980,2619,0,0
2026/01/04 03:58:46.693,111.54,1980,2619,0,0
2026/01/04 03:58:46.693,124.71,1980,2619,0,0
2026/01/04 03:58:46.693,114.75,1980,2619,0,0
2026/01/04 03:58:46.694,117.18,1980,2619,0,0
2026/01/04 03:58:46.694,123.64,1980,2619,0,0
2026/01/04 03:58:46.744,112.95,1980,2619,0,0
2026/01/04 03:58:46.744,124.29,1980,2619,10,0
2026/01/04 03:58:46.744,114.12,1980,2619,4,0
2026/01/04 03:58:46.744,111.54,1980,2619,0,0
2026/01/04 03:58:46.744,124.65,1980,2619,0,0
2026/01/04 03:58:46.744,114.76,1980,2619,0,0
2026/01/04 03:58:46.744,117.19,1980,2619,0,0
2026/01/04 03:58:46.744,123.64,1980,2619,0,0
2026/01/04 03:58:46.794,112.95,1980,2619,0,0
2026/01/04 03:58:46.794,124.29,1980,2619,3,0
2026/01/04 03:58:46.794,114.12,1980,2619,4,0
2026/01/04 03:58:46.794,111.54,1980,2619,0,0
2026/01/04 03:58:46.794,124.65,1980,2619,0,0
2026/01/04 03:58:46.794,114.76,1980,2619,0,0
2026/01/04 03:58:46.794,117.19,1980,2619,0,0
2026/01/04 03:58:46.794,123.64,1980,2619,0,0
2026/01/04 03:58:46.844,112.93,1980,2619,0,0
2026/01/04 03:58:46.844,124.29,1980,2619,3,0
2026/01/04 03:58:46.844,114.14,1980,2619,5,0
2026/01/04 03:58:46.844,111.54,1980,2619,0,0
2026/01/04 03:58:46.844,124.59,1980,2619,0,0
2026/01/04 03:58:46.844,114.76,1980,2619,0,0
2026/01/04 03:58:46.844,117.20,1980,2619,0,0
2026/01/04 03:58:46.844,123.69,1980,2619,0,0
2026/01/04 03:58:46.894,112.93,1980,2619,0,0
2026/01/04 03:58:46.894,124.29,1980,2619,3,0
2026/01/04 03:58:46.894,114.14,1980,2619,5,0
2026/01/04 03:58:46.894,111.53,1980,2619,0,0
2026/01/04 03:58:46.894,124.59,1980,2619,0,0
2026/01/04 03:58:46.894,114.76,1980,2619,0,0
2026/01/04 03:58:46.894,117.20,1980,2619,0,0
2026/01/04 03:58:46.894,123.65,1980,2619,0,0
2026/01/04 03:58:46.944,112.95,1980,2619,0,0
2026/01/04 03:58:46.944,124.30,1980,2619,3,0
2026/01/04 03:58:46.944,114.17,1980,2619,5,0
2026/01/04 03:58:46.944,111.53,1980,2619,0,0
2026/01/04 03:58:46.944,124.46,1980,2619,0,0
2026/01/04 03:58:46.944,114.79,1980,2619,0,0
2026/01/04 03:58:46.944,117.20,1980,2619,0,0
2026/01/04 03:58:46.944,123.65,1980,2619,0,0
2026/01/04 03:58:46.995,112.95,1980,2619,0,0
2026/01/04 03:58:46.995,124.30,1980,2619,0,0
2026/01/04 03:58:46.995,114.17,1980,2619,5,0
2026/01/04 03:58:46.995,111.53,1980,2619,0,0
2026/01/04 03:58:46.995,124.46,1980,2619,0,0
2026/01/04 03:58:46.995,114.79,1980,2619,0,0
2026/01/04 03:58:46.995,117.20,1980,2619,0,0
2026/01/04 03:58:46.995,123.65,1980,2619,0,0
2026/01/04 03:58:47.045,112.94,1980,2619,0,0
2026/01/04 03:58:47.045,124.30,1980,2619,0,0
2026/01/04 03:58:47.045,114.16,1980,2619,0,0
2026/01/04 03:58:47.045,111.54,1980,2619,0,0
2026/01/04 03:58:47.045,124.48,1980,2619,0,0
2026/01/04 03:58:47.045,114.75,1980,2619,0,0
2026/01/04 03:58:47.045,117.21,1980,2619,0,0
2026/01/04 03:58:47.045,123.68,1980,2619,0,0
2026/01/04 03:58:47.095,112.94,1980,2619,0,0
2026/01/04 03:58:47.095,124.27,1980,2619,0,0
2026/01/04 03:58:47.095,114.16,1980,2619,0,0
2026/01/04 03:58:47.095,111.53,1980,2619,0,0
2026/01/04 03:58:47.095,124.48,1980,2619,0,0
2026/01/04 03:58:47.095,114.75,1980,2619,0,0
2026/01/04 03:58:47.095,117.21,1980,2619,0,0
2026/01/04 03:58:47.095,123.72,1980,2619,0,0
2026/01/04 03:58:47.145,112.93,1980,2619,0,0
2026/01/04 03:58:47.145,124.27,1980,2619,0,0
2026/01/04 03:58:47.145,114.14,1980,2619,0,0
2026/01/04 03:58:47.145,111.53,1980,2619,0,0
2026/01/04 03:58:47.145,124.49,1980,2619,0,0
2026/01/04 03:58:47.145,114.73,1980,2619,0,0
2026/01/04 03:58:47.145,117.18,1980,2619,0,0
2026/01/04 03:58:47.145,123.72,1980,2619,0,0
2026/01/04 03:58:47.195,112.93,1980,2619,0,0
2026/01/04 03:58:47.195,124.19,1980,2619,0,0
2026/01/04 03:58:47.195,114.14,1980,2619,0,0
2026/01/04 03:58:47.195,111.53,1980,2619,0,0
2026/01/04 03:58:47.195,124.49,1980,2619,0,0
2026/01/04 03:58:47.195,114.73,1980,2619,0,0
2026/01/04 03:58:47.195,117.18,1980,2619,0,0
2026/01/04 03:58:47.195,123.72,1980,2619,0,0
2026/01/04 03:58:47.245,112.95,1980,2619,0,0
